Partida,Ganador,Tablero Final
1,Agente Cooperativo Original,"[0, 0, 0, 0, 0, 0, 31, 0, 0, 0, 0, 0, 0, 17]"
2,Agente Cooperativo Original,"[0, 0, 0, 0, 0, 0, 31, 0, 0, 0, 0, 0, 0, 17]"
3,Agente Cooperativo Original,"[0, 0, 0, 0, 0, 0, 28, 0, 0, 0, 0, 0, 0, 20]"
4,Agente Cooperativo Copia,"[0, 0, 0, 0, 0, 0, 11, 0, 0, 0, 0, 0, 0, 37]"
5,Agente Cooperativo Copia,"[0, 0, 0, 0, 0, 0, 9, 0, 0, 0, 0, 0, 0, 39]"
6,Agente Cooperativo Original,"[0, 0, 0, 0, 0, 0, 34, 0, 0, 0, 0, 0, 0, 14]"
7,Agente Cooperativo Copia,"[0, 0, 0, 0, 0, 0, 15, 0, 0, 0, 0, 0, 0, 33]"
8,Agente Cooperativo Copia,"[0, 0, 0, 0, 0, 0, 18, 0, 0, 0, 0, 0, 0, 30]"
9,Agente Cooperativo Original,"[0, 0, 0, 0, 0, 0, 38, 0, 0, 0, 0, 0, 0, 10]"
10,Agente Cooperativo Original,"[0, 0, 0, 0, 0, 0, 26, 0, 0, 0, 0, 0, 0, 22]"
11,Agente Cooperativo Original,"[0, 0, 0, 0, 0, 0, 30, 0, 0, 0, 0, 0, 0, 18]"
12,Agente Cooperativo Original,"[0, 0, 0, 0, 0, 0, 31, 0, 0, 0, 0, 0, 0, 17]"
13,Agente Cooperativo Copia,"[0, 0, 0, 0, 0, 0, 19, 0, 0, 0, 0, 0, 0, 29]"
14,Agente Cooperativo Original,"[0, 0, 0, 0, 0, 0, 32, 0, 0, 0, 0, 0, 0, 16]"
15,Agente Cooperativo Copia,"[0, 0, 0, 0, 0, 0, 13, 0, 0, 0, 0, 0, 0, 35]"
16,Agente Cooperativo Original,"[0, 0, 0, 0, 0, 0, 29, 0, 0, 0, 0, 0, 0, 19]"
17,Agente Cooperativo Original,"[0, 0, 0, 0, 0, 0, 27, 0, 0, 0, 0, 0, 0, 21]"
18,Agente Cooperativo Original,"[0, 0, 0, 0, 0, 0, 27, 0, 0, 0, 0, 0, 0, 21]"
19,Agente Cooperativo Original,"[0, 0, 0, 0, 0, 0, 27, 0, 0, 0, 0, 0, 0, 21]"
20,Agente Cooperativo Copia,"[0, 0, 0, 0, 0, 0, 19, 0, 0, 0, 0, 0, 0, 29]"
21,Agente Cooperativo Copia,"[0, 0, 0, 0, 0, 0, 19, 0, 0, 0, 0, 0, 0, 29]"
22,Agente Cooperativo Original,"[0, 0, 0, 0, 0, 0, 31, 0, 0, 0, 0, 0, 0, 17]"
23,Agente Cooperativo Copia,"[0, 0, 0, 0, 0, 0, 23, 0, 0, 0, 0, 0, 0, 25]"
24,Agente Cooperativo Copia,"[0, 0, 0, 0, 0, 0, 9, 0, 0, 0, 0, 0, 0, 39]"
25,Agente Cooperativo Copia,"[0, 0, 0, 0, 0, 0, 21, 0, 0, 0, 0, 0, 0, 27]"
26,Agente Cooperativo Original,"[0, 0, 0, 0, 0, 0, 28, 0, 0, 0, 0, 0, 0, 20]"
27,Agente Cooperativo Original,"[0, 0, 0, 0, 0, 0, 26, 0, 0, 0, 0, 0, 0, 22]"
28,Agente Cooperativo Original,"[0, 0, 0, 0, 0, 0, 28, 0, 0, 0, 0, 0, 0, 20]"
29,Agente Cooperativo Copia,"[0, 0, 0, 0, 0, 0, 15, 0, 0, 0, 0, 0, 0, 33]"
30,Agente Cooperativo Copia,"[0, 0, 0, 0, 0, 0, 14, 0, 0, 0, 0, 0, 0, 34]"
31,Agente Cooperativo Copia,"[0, 0, 0, 0, 0, 0, 9, 0, 0, 0, 0, 0, 0, 39]"
32,Agente Cooperativo Original,"[0, 0, 0, 0, 0, 0, 26, 0, 0, 0, 0, 0, 0, 22]"
33,Agente Cooperativo Original,"[0, 0, 0, 0, 0, 0, 25, 0, 0, 0, 0, 0, 0, 23]"
34,Agente Cooperativo Original,"[0, 0, 0, 0, 0, 0, 41, 0, 0, 0, 0, 0, 0, 7]"
35,Agente Cooperativo Copia,"[0, 0, 0, 0, 0, 0, 19, 0, 0, 0, 0, 0, 0, 29]"
36,Agente Cooperativo Copia,"[0, 0, 0, 0, 0, 0, 9, 0, 0, 0, 0, 0, 0, 39]"
37,Agente Cooperativo Copia,"[0, 0, 0, 0, 0, 0, 12, 0, 0, 0, 0, 0, 0, 36]"
38,Agente Cooperativo Original,"[0, 0, 0, 0, 0, 0, 31, 0, 0, 0, 0, 0, 0, 17]"
39,Agente Cooperativo Original,"[0, 0, 0, 0, 0, 0, 26, 0, 0, 0, 0, 0, 0, 22]"
40,Agente Cooperativo Original,"[0, 0, 0, 0, 0, 0, 29, 0, 0, 0, 0, 0, 0, 19]"
41,Agente Cooperativo Original,"[0, 0, 0, 0, 0, 0, 30, 0, 0, 0, 0, 0, 0, 18]"
42,Agente Cooperativo Copia,"[0, 0, 0, 0, 0, 0, 21, 0, 0, 0, 0, 0, 0, 27]"
43,Agente Cooperativo Original,"[0, 0, 0, 0, 0, 0, 32, 0, 0, 0, 0, 0, 0, 16]"
44,Agente Cooperativo Original,"[0, 0, 0, 0, 0, 0, 26, 0, 0, 0, 0, 0, 0, 22]"
45,Agente Cooperativo Original,"[0, 0, 0, 0, 0, 0, 32, 0, 0, 0, 0, 0, 0, 16]"
46,Agente Cooperativo Copia,"[0, 0, 0, 0, 0, 0, 15, 0, 0, 0, 0, 0, 0, 33]"
47,Agente Cooperativo Original,"[0, 0, 0, 0, 0, 0, 27, 0, 0, 0, 0, 0, 0, 21]"
48,Agente Cooperativo Copia,"[0, 0, 0, 0, 0, 0, 21, 0, 0, 0, 0, 0, 0, 27]"
49,Agente Cooperativo Copia,"[0, 0, 0, 0, 0, 0, 13, 0, 0, 0, 0, 0, 0, 35]"
50,Agente Cooperativo Copia,"[0, 0, 0, 0, 0, 0, 15, 0, 0, 0, 0, 0, 0, 33]"
51,Agente Cooperativo Original,"[0, 0, 0, 0, 0, 0, 25, 0, 0, 0, 0, 0, 0, 23]"
52,Agente Cooperativo Original,"[0, 0, 0, 0, 0, 0, 36, 0, 0, 0, 0, 0, 0, 12]"
53,Agente Cooperativo Copia,"[0, 0, 0, 0, 0, 0, 14, 0, 0, 0, 0, 0, 0, 34]"
54,Agente Cooperativo Copia,"[0, 0, 0, 0, 0, 0, 16, 0, 0, 0, 0, 0, 0, 32]"
55,Agente Cooperativo Original,"[0, 0, 0, 0, 0, 0, 25, 0, 0, 0, 0, 0, 0, 23]"
56,Agente Cooperativo Original,"[0, 0, 0, 0, 0, 0, 38, 0, 0, 0, 0, 0, 0, 10]"
57,Agente Cooperativo Original,"[0, 0, 0, 0, 0, 0, 34, 0, 0, 0, 0, 0, 0, 14]"
58,Agente Cooperativo Original,"[0, 0, 0, 0, 0, 0, 28, 0, 0, 0, 0, 0, 0, 20]"
59,Agente Cooperativo Original,"[0, 0, 0, 0, 0, 0, 27, 0, 0, 0, 0, 0, 0, 21]"
60,Agente Cooperativo Copia,"[0, 0, 0, 0, 0, 0, 22, 0, 0, 0, 0, 0, 0, 26]"
61,Agente Cooperativo Original,"[0, 0, 0, 0, 0, 0, 34, 0, 0, 0, 0, 0, 0, 14]"
62,Agente Cooperativo Copia,"[0, 0, 0, 0, 0, 0, 21, 0, 0, 0, 0, 0, 0, 27]"
63,Agente Cooperativo Original,"[0, 0, 0, 0, 0, 0, 26, 0, 0, 0, 0, 0, 0, 22]"
64,Agente Cooperativo Copia,"[0, 0, 0, 0, 0, 0, 21, 0, 0, 0, 0, 0, 0, 27]"
65,Agente Cooperativo Original,"[0, 0, 0, 0, 0, 0, 27, 0, 0, 0, 0, 0, 0, 21]"
66,Agente Cooperativo Original,"[0, 0, 0, 0, 0, 0, 29, 0, 0, 0, 0, 0, 0, 19]"
67,Agente Cooperativo Original,"[0, 0, 0, 0, 0, 0, 33, 0, 0, 0, 0, 0, 0, 15]"
68,Agente Cooperativo Copia,"[0, 0, 0, 0, 0, 0, 22, 0, 0, 0, 0, 0, 0, 26]"
69,Agente Cooperativo Original,"[0, 0, 0, 0, 0, 0, 25, 0, 0, 0, 0, 0, 0, 23]"
70,Agente Cooperativo Original,"[0, 0, 0, 0, 0, 0, 31, 0, 0, 0, 0, 0, 0, 17]"
71,Agente Cooperativo Copia,"[0, 0, 0, 0, 0, 0, 23, 0, 0, 0, 0, 0, 0, 25]"
72,Agente Cooperativo Original,"[0, 0, 0, 0, 0, 0, 29, 0, 0, 0, 0, 0, 0, 19]"
73,Agente Cooperativo Copia,"[0, 0, 0, 0, 0, 0, 22, 0, 0, 0, 0, 0, 0, 26]"
74,Agente Cooperativo Original,"[0, 0, 0, 0, 0, 0, 27, 0, 0, 0, 0, 0, 0, 21]"
75,Agente Cooperativo Copia,"[0, 0, 0, 0, 0, 0, 19, 0, 0, 0, 0, 0, 0, 29]"
76,Agente Cooperativo Copia,"[0, 0, 0, 0, 0, 0, 23, 0, 0, 0, 0, 0, 0, 25]"
77,Agente Cooperativo Copia,"[0, 0, 0, 0, 0, 0, 20, 0, 0, 0, 0, 0, 0, 28]"
78,Agente Cooperativo Original,"[0, 0, 0, 0, 0, 0, 31, 0, 0, 0, 0, 0, 0, 17]"
79,Agente Cooperativo Copia,"[0, 0, 0, 0, 0, 0, 17, 0, 0, 0, 0, 0, 0, 31]"
80,Agente Cooperativo Copia,"[0, 0, 0, 0, 0, 0, 17, 0, 0, 0, 0, 0, 0, 31]"
81,Agente Cooperativo Original,"[0, 0, 0, 0, 0, 0, 33, 0, 0, 0, 0, 0, 0, 15]"
82,Agente Cooperativo Copia,"[0, 0, 0, 0, 0, 0, 21, 0, 0, 0, 0, 0, 0, 27]"
83,Agente Cooperativo Original,"[0, 0, 0, 0, 0, 0, 26, 0, 0, 0, 0, 0, 0, 22]"
84,Agente Cooperativo Original,"[0, 0, 0, 0, 0, 0, 27, 0, 0, 0, 0, 0, 0, 21]"
85,Agente Cooperativo Copia,"[0, 0, 0, 0, 0, 0, 21, 0, 0, 0, 0, 0, 0, 27]"
86,Agente Cooperativo Original,"[0, 0, 0, 0, 0, 0, 32, 0, 0, 0, 0, 0, 0, 16]"
87,Agente Cooperativo Original,"[0, 0, 0, 0, 0, 0, 25, 0, 0, 0, 0, 0, 0, 23]"
88,Agente Cooperativo Copia,"[0, 0, 0, 0, 0, 0, 21, 0, 0, 0, 0, 0, 0, 27]"
89,Agente Cooperativo Copia,"[0, 0, 0, 0, 0, 0, 18, 0, 0, 0, 0, 0, 0, 30]"
90,Agente Cooperativo Copia,"[0, 0, 0, 0, 0, 0, 10, 0, 0, 0, 0, 0, 0, 38]"
91,Empate,"[0, 0, 0, 0, 0, 0, 24, 0, 0, 0, 0, 0, 0, 24]"
92,Agente Cooperativo Original,"[0, 0, 0, 0, 0, 0, 34, 0, 0, 0, 0, 0, 0, 14]"
93,Agente Cooperativo Copia,"[0, 0, 0, 0, 0, 0, 21, 0, 0, 0, 0, 0, 0, 27]"
94,Agente Cooperativo Original,"[0, 0, 0, 0, 0, 0, 31, 0, 0, 0, 0, 0, 0, 17]"
95,Agente Cooperativo Copia,"[0, 0, 0, 0, 0, 0, 11, 0, 0, 0, 0, 0, 0, 37]"
96,Agente Cooperativo Copia,"[0, 0, 0, 0, 0, 0, 11, 0, 0, 0, 0, 0, 0, 37]"
97,Agente Cooperativo Copia,"[0, 0, 0, 0, 0, 0, 13, 0, 0, 0, 0, 0, 0, 35]"
98,Agente Cooperativo Original,"[0, 0, 0, 0, 0, 0, 37, 0, 0, 0, 0, 0, 0, 11]"
99,Agente Cooperativo Copia,"[0, 0, 0, 0, 0, 0, 16, 0, 0, 0, 0, 0, 0, 32]"
100,Agente Cooperativo Original,"[0, 0, 0, 0, 0, 0, 35, 0, 0, 0, 0, 0, 0, 13]"
101,Agente Cooperativo Original,"[0, 0, 0, 0, 0, 0, 29, 0, 0, 0, 0, 0, 0, 19]"
102,Agente Cooperativo Original,"[0, 0, 0, 0, 0, 0, 42, 0, 0, 0, 0, 0, 0, 6]"
103,Agente Cooperativo Copia,"[0, 0, 0, 0, 0, 0, 15, 0, 0, 0, 0, 0, 0, 33]"
104,Agente Cooperativo Copia,"[0, 0, 0, 0, 0, 0, 16, 0, 0, 0, 0, 0, 0, 32]"
105,Agente Cooperativo Original,"[0, 0, 0, 0, 0, 0, 37, 0, 0, 0, 0, 0, 0, 11]"
106,Agente Cooperativo Copia,"[0, 0, 0, 0, 0, 0, 22, 0, 0, 0, 0, 0, 0, 26]"
107,Agente Cooperativo Copia,"[0, 0, 0, 0, 0, 0, 21, 0, 0, 0, 0, 0, 0, 27]"
108,Agente Cooperativo Copia,"[0, 0, 0, 0, 0, 0, 23, 0, 0, 0, 0, 0, 0, 25]"
109,Agente Cooperativo Copia,"[0, 0, 0, 0, 0, 0, 22, 0, 0, 0, 0, 0, 0, 26]"
110,Agente Cooperativo Original,"[0, 0, 0, 0, 0, 0, 26, 0, 0, 0, 0, 0, 0, 22]"
111,Agente Cooperativo Copia,"[0, 0, 0, 0, 0, 0, 11, 0, 0, 0, 0, 0, 0, 37]"
112,Agente Cooperativo Original,"[0, 0, 0, 0, 0, 0, 34, 0, 0, 0, 0, 0, 0, 14]"
113,Agente Cooperativo Original,"[0, 0, 0, 0, 0, 0, 32, 0, 0, 0, 0, 0, 0, 16]"
114,Agente Cooperativo Copia,"[0, 0, 0, 0, 0, 0, 13, 0, 0, 0, 0, 0, 0, 35]"
115,Agente Cooperativo Original,"[0, 0, 0, 0, 0, 0, 26, 0, 0, 0, 0, 0, 0, 22]"
116,Agente Cooperativo Copia,"[0, 0, 0, 0, 0, 0, 20, 0, 0, 0, 0, 0, 0, 28]"
117,Agente Cooperativo Copia,"[0, 0, 0, 0, 0, 0, 23, 0, 0, 0, 0, 0, 0, 25]"
118,Agente Cooperativo Copia,"[0, 0, 0, 0, 0, 0, 12, 0, 0, 0, 0, 0, 0, 36]"
119,Agente Cooperativo Copia,"[0, 0, 0, 0, 0, 0, 13, 0, 0, 0, 0, 0, 0, 35]"
120,Agente Cooperativo Original,"[0, 0, 0, 0, 0, 0, 30, 0, 0, 0, 0, 0, 0, 18]"
121,Agente Cooperativo Copia,"[0, 0, 0, 0, 0, 0, 8, 0, 0, 0, 0, 0, 0, 40]"
122,Agente Cooperativo Copia,"[0, 0, 0, 0, 0, 0, 16, 0, 0, 0, 0, 0, 0, 32]"
123,Agente Cooperativo Copia,"[0, 0, 0, 0, 0, 0, 23, 0, 0, 0, 0, 0, 0, 25]"
124,Agente Cooperativo Copia,"[0, 0, 0, 0, 0, 0, 13, 0, 0, 0, 0, 0, 0, 35]"
125,Agente Cooperativo Copia,"[0, 0, 0, 0, 0, 0, 17, 0, 0, 0, 0, 0, 0, 31]"
126,Agente Cooperativo Original,"[0, 0, 0, 0, 0, 0, 40, 0, 0, 0, 0, 0, 0, 8]"
127,Agente Cooperativo Original,"[0, 0, 0, 0, 0, 0, 33, 0, 0, 0, 0, 0, 0, 15]"
128,Agente Cooperativo Copia,"[0, 0, 0, 0, 0, 0, 21, 0, 0, 0, 0, 0, 0, 27]"
129,Agente Cooperativo Copia,"[0, 0, 0, 0, 0, 0, 14, 0, 0, 0, 0, 0, 0, 34]"
130,Agente Cooperativo Original,"[0, 0, 0, 0, 0, 0, 37, 0, 0, 0, 0, 0, 0, 11]"
131,Agente Cooperativo Copia,"[0, 0, 0, 0, 0, 0, 5, 0, 0, 0, 0, 0, 0, 43]"
132,Agente Cooperativo Copia,"[0, 0, 0, 0, 0, 0, 15, 0, 0, 0, 0, 0, 0, 33]"
133,Agente Cooperativo Original,"[0, 0, 0, 0, 0, 0, 26, 0, 0, 0, 0, 0, 0, 22]"
134,Agente Cooperativo Original,"[0, 0, 0, 0, 0, 0, 26, 0, 0, 0, 0, 0, 0, 22]"
135,Agente Cooperativo Copia,"[0, 0, 0, 0, 0, 0, 12, 0, 0, 0, 0, 0, 0, 36]"
136,Agente Cooperativo Copia,"[0, 0, 0, 0, 0, 0, 12, 0, 0, 0, 0, 0, 0, 36]"
137,Agente Cooperativo Copia,"[0, 0, 0, 0, 0, 0, 22, 0, 0, 0, 0, 0, 0, 26]"
138,Agente Cooperativo Copia,"[0, 0, 0, 0, 0, 0, 20, 0, 0, 0, 0, 0, 0, 28]"
139,Agente Cooperativo Copia,"[0, 0, 0, 0, 0, 0, 19, 0, 0, 0, 0, 0, 0, 29]"
140,Agente Cooperativo Copia,"[0, 0, 0, 0, 0, 0, 12, 0, 0, 0, 0, 0, 0, 36]"
141,Agente Cooperativo Copia,"[0, 0, 0, 0, 0, 0, 22, 0, 0, 0, 0, 0, 0, 26]"
142,Agente Cooperativo Original,"[0, 0, 0, 0, 0, 0, 34, 0, 0, 0, 0, 0, 0, 14]"
143,Agente Cooperativo Original,"[0, 0, 0, 0, 0, 0, 29, 0, 0, 0, 0, 0, 0, 19]"
144,Agente Cooperativo Copia,"[0, 0, 0, 0, 0, 0, 20, 0, 0, 0, 0, 0, 0, 28]"
145,Agente Cooperativo Copia,"[0, 0, 0, 0, 0, 0, 15, 0, 0, 0, 0, 0, 0, 33]"
146,Agente Cooperativo Copia,"[0, 0, 0, 0, 0, 0, 22, 0, 0, 0, 0, 0, 0, 26]"
147,Agente Cooperativo Original,"[0, 0, 0, 0, 0, 0, 35, 0, 0, 0, 0, 0, 0, 13]"
148,Agente Cooperativo Copia,"[0, 0, 0, 0, 0, 0, 14, 0, 0, 0, 0, 0, 0, 34]"
149,Agente Cooperativo Original,"[0, 0, 0, 0, 0, 0, 39, 0, 0, 0, 0, 0, 0, 9]"
150,Agente Cooperativo Original,"[0, 0, 0, 0, 0, 0, 26, 0, 0, 0, 0, 0, 0, 22]"
151,Agente Cooperativo Original,"[0, 0, 0, 0, 0, 0, 34, 0, 0, 0, 0, 0, 0, 14]"
152,Agente Cooperativo Copia,"[0, 0, 0, 0, 0, 0, 12, 0, 0, 0, 0, 0, 0, 36]"
153,Agente Cooperativo Original,"[0, 0, 0, 0, 0, 0, 26, 0, 0, 0, 0, 0, 0, 22]"
154,Agente Cooperativo Original,"[0, 0, 0, 0, 0, 0, 27, 0, 0, 0, 0, 0, 0, 21]"
155,Agente Cooperativo Copia,"[0, 0, 0, 0, 0, 0, 16, 0, 0, 0, 0, 0, 0, 32]"
156,Agente Cooperativo Original,"[0, 0, 0, 0, 0, 0, 35, 0, 0, 0, 0, 0, 0, 13]"
157,Agente Cooperativo Original,"[0, 0, 0, 0, 0, 0, 36, 0, 0, 0, 0, 0, 0, 12]"
158,Agente Cooperativo Copia,"[0, 0, 0, 0, 0, 0, 21, 0, 0, 0, 0, 0, 0, 27]"
159,Agente Cooperativo Original,"[0, 0, 0, 0, 0, 0, 30, 0, 0, 0, 0, 0, 0, 18]"
160,Agente Cooperativo Copia,"[0, 0, 0, 0, 0, 0, 9, 0, 0, 0, 0, 0, 0, 39]"
161,Empate,"[0, 0, 0, 0, 0, 0, 24, 0, 0, 0, 0, 0, 0, 24]"
162,Agente Cooperativo Copia,"[0, 0, 0, 0, 0, 0, 21, 0, 0, 0, 0, 0, 0, 27]"
163,Agente Cooperativo Original,"[0, 0, 0, 0, 0, 0, 32, 0, 0, 0, 0, 0, 0, 16]"
164,Agente Cooperativo Original,"[0, 0, 0, 0, 0, 0, 31, 0, 0, 0, 0, 0, 0, 17]"
165,Agente Cooperativo Original,"[0, 0, 0, 0, 0, 0, 38, 0, 0, 0, 0, 0, 0, 10]"
166,Agente Cooperativo Copia,"[0, 0, 0, 0, 0, 0, 19, 0, 0, 0, 0, 0, 0, 29]"
167,Agente Cooperativo Copia,"[0, 0, 0, 0, 0, 0, 18, 0, 0, 0, 0, 0, 0, 30]"
168,Agente Cooperativo Original,"[0, 0, 0, 0, 0, 0, 34, 0, 0, 0, 0, 0, 0, 14]"
169,Agente Cooperativo Copia,"[0, 0, 0, 0, 0, 0, 20, 0, 0, 0, 0, 0, 0, 28]"
170,Agente Cooperativo Copia,"[0, 0, 0, 0, 0, 0, 18, 0, 0, 0, 0, 0, 0, 30]"
171,Agente Cooperativo Original,"[0, 0, 0, 0, 0, 0, 28, 0, 0, 0, 0, 0, 0, 20]"
172,Agente Cooperativo Original,"[0, 0, 0, 0, 0, 0, 27, 0, 0, 0, 0, 0, 0, 21]"
173,Agente Cooperativo Copia,"[0, 0, 0, 0, 0, 0, 19, 0, 0, 0, 0, 0, 0, 29]"
174,Agente Cooperativo Original,"[0, 0, 0, 0, 0, 0, 25, 0, 0, 0, 0, 0, 0, 23]"
175,Agente Cooperativo Original,"[0, 0, 0, 0, 0, 0, 27, 0, 0, 0, 0, 0, 0, 21]"
176,Agente Cooperativo Copia,"[0, 0, 0, 0, 0, 0, 19, 0, 0, 0, 0, 0, 0, 29]"
177,Agente Cooperativo Original,"[0, 0, 0, 0, 0, 0, 25, 0, 0, 0, 0, 0, 0, 23]"
178,Agente Cooperativo Original,"[0, 0, 0, 0, 0, 0, 29, 0, 0, 0, 0, 0, 0, 19]"
179,Agente Cooperativo Original,"[0, 0, 0, 0, 0, 0, 25, 0, 0, 0, 0, 0, 0, 23]"
180,Agente Cooperativo Copia,"[0, 0, 0, 0, 0, 0, 21, 0, 0, 0, 0, 0, 0, 27]"
181,Agente Cooperativo Copia,"[0, 0, 0, 0, 0, 0, 22, 0, 0, 0, 0, 0, 0, 26]"
182,Agente Cooperativo Original,"[0, 0, 0, 0, 0, 0, 30, 0, 0, 0, 0, 0, 0, 18]"
183,Agente Cooperativo Original,"[0, 0, 0, 0, 0, 0, 31, 0, 0, 0, 0, 0, 0, 17]"
184,Agente Cooperativo Original,"[0, 0, 0, 0, 0, 0, 25, 0, 0, 0, 0, 0, 0, 23]"
185,Empate,"[0, 0, 0, 0, 0, 0, 24, 0, 0, 0, 0, 0, 0, 24]"
186,Agente Cooperativo Original,"[0, 0, 0, 0, 0, 0, 33, 0, 0, 0, 0, 0, 0, 15]"
187,Agente Cooperativo Original,"[0, 0, 0, 0, 0, 0, 29, 0, 0, 0, 0, 0, 0, 19]"
188,Agente Cooperativo Copia,"[0, 0, 0, 0, 0, 0, 6, 0, 0, 0, 0, 0, 0, 42]"
189,Agente Cooperativo Copia,"[0, 0, 0, 0, 0, 0, 7, 0, 0, 0, 0, 0, 0, 41]"
190,Empate,"[0, 0, 0, 0, 0, 0, 24, 0, 0, 0, 0, 0, 0, 24]"
191,Agente Cooperativo Copia,"[0, 0, 0, 0, 0, 0, 20, 0, 0, 0, 0, 0, 0, 28]"
192,Agente Cooperativo Original,"[0, 0, 0, 0, 0, 0, 25, 0, 0, 0, 0, 0, 0, 23]"
193,Empate,"[0, 0, 0, 0, 0, 0, 24, 0, 0, 0, 0, 0, 0, 24]"
194,Empate,"[0, 0, 0, 0, 0, 0, 24, 0, 0, 0, 0, 0, 0, 24]"
195,Empate,"[0, 0, 0, 0, 0, 0, 24, 0, 0, 0, 0, 0, 0, 24]"
196,Agente Cooperativo Original,"[0, 0, 0, 0, 0, 0, 27, 0, 0, 0, 0, 0, 0, 21]"
197,Agente Cooperativo Copia,"[0, 0, 0, 0, 0, 0, 20, 0, 0, 0, 0, 0, 0, 28]"
198,Agente Cooperativo Copia,"[0, 0, 0, 0, 0, 0, 23, 0, 0, 0, 0, 0, 0, 25]"
199,Agente Cooperativo Original,"[0, 0, 0, 0, 0, 0, 30, 0, 0, 0, 0, 0, 0, 18]"
200,Agente Cooperativo Copia,"[0, 0, 0, 0, 0, 0, 10, 0, 0, 0, 0, 0, 0, 38]"
201,Agente Cooperativo Original,"[0, 0, 0, 0, 0, 0, 37, 0, 0, 0, 0, 0, 0, 11]"
202,Agente Cooperativo Original,"[0, 0, 0, 0, 0, 0, 30, 0, 0, 0, 0, 0, 0, 18]"
203,Agente Cooperativo Original,"[0, 0, 0, 0, 0, 0, 29, 0, 0, 0, 0, 0, 0, 19]"
204,Agente Cooperativo Copia,"[0, 0, 0, 0, 0, 0, 23, 0, 0, 0, 0, 0, 0, 25]"
205,Agente Cooperativo Original,"[0, 0, 0, 0, 0, 0, 33, 0, 0, 0, 0, 0, 0, 15]"
206,Agente Cooperativo Copia,"[0, 0, 0, 0, 0, 0, 23, 0, 0, 0, 0, 0, 0, 25]"
207,Agente Cooperativo Copia,"[0, 0, 0, 0, 0, 0, 23, 0, 0, 0, 0, 0, 0, 25]"
208,Agente Cooperativo Copia,"[0, 0, 0, 0, 0, 0, 22, 0, 0, 0, 0, 0, 0, 26]"
209,Agente Cooperativo Copia,"[0, 0, 0, 0, 0, 0, 19, 0, 0, 0, 0, 0, 0, 29]"
210,Agente Cooperativo Original,"[0, 0, 0, 0, 0, 0, 33, 0, 0, 0, 0, 0, 0, 15]"
211,Agente Cooperativo Copia,"[0, 0, 0, 0, 0, 0, 19, 0, 0, 0, 0, 0, 0, 29]"
212,Agente Cooperativo Copia,"[0, 0, 0, 0, 0, 0, 15, 0, 0, 0, 0, 0, 0, 33]"
213,Agente Cooperativo Copia,"[0, 0, 0, 0, 0, 0, 15, 0, 0, 0, 0, 0, 0, 33]"
214,Agente Cooperativo Original,"[0, 0, 0, 0, 0, 0, 29, 0, 0, 0, 0, 0, 0, 19]"
215,Agente Cooperativo Copia,"[0, 0, 0, 0, 0, 0, 14, 0, 0, 0, 0, 0, 0, 34]"
216,Agente Cooperativo Original,"[0, 0, 0, 0, 0, 0, 29, 0, 0, 0, 0, 0, 0, 19]"
217,Agente Cooperativo Original,"[0, 0, 0, 0, 0, 0, 36, 0, 0, 0, 0, 0, 0, 12]"
218,Agente Cooperativo Original,"[0, 0, 0, 0, 0, 0, 29, 0, 0, 0, 0, 0, 0, 19]"
219,Agente Cooperativo Copia,"[0, 0, 0, 0, 0, 0, 19, 0, 0, 0, 0, 0, 0, 29]"
220,Agente Cooperativo Original,"[0, 0, 0, 0, 0, 0, 33, 0, 0, 0, 0, 0, 0, 15]"
221,Agente Cooperativo Original,"[0, 0, 0, 0, 0, 0, 33, 0, 0, 0, 0, 0, 0, 15]"
222,Agente Cooperativo Original,"[0, 0, 0, 0, 0, 0, 32, 0, 0, 0, 0, 0, 0, 16]"
223,Agente Cooperativo Original,"[0, 0, 0, 0, 0, 0, 32, 0, 0, 0, 0, 0, 0, 16]"
224,Agente Cooperativo Copia,"[0, 0, 0, 0, 0, 0, 17, 0, 0, 0, 0, 0, 0, 31]"
225,Agente Cooperativo Copia,"[0, 0, 0, 0, 0, 0, 19, 0, 0, 0, 0, 0, 0, 29]"
226,Agente Cooperativo Copia,"[0, 0, 0, 0, 0, 0, 14, 0, 0, 0, 0, 0, 0, 34]"
227,Agente Cooperativo Original,"[0, 0, 0, 0, 0, 0, 34, 0, 0, 0, 0, 0, 0, 14]"
228,Agente Cooperativo Original,"[0, 0, 0, 0, 0, 0, 34, 0, 0, 0, 0, 0, 0, 14]"
229,Agente Cooperativo Original,"[0, 0, 0, 0, 0, 0, 33, 0, 0, 0, 0, 0, 0, 15]"
230,Agente Cooperativo Copia,"[0, 0, 0, 0, 0, 0, 13, 0, 0, 0, 0, 0, 0, 35]"
231,Agente Cooperativo Original,"[0, 0, 0, 0, 0, 0, 31, 0, 0, 0, 0, 0, 0, 17]"
232,Agente Cooperativo Copia,"[0, 0, 0, 0, 0, 0, 22, 0, 0, 0, 0, 0, 0, 26]"
233,Agente Cooperativo Copia,"[0, 0, 0, 0, 0, 0, 14, 0, 0, 0, 0, 0, 0, 34]"
234,Agente Cooperativo Copia,"[0, 0, 0, 0, 0, 0, 13, 0, 0, 0, 0, 0, 0, 35]"
235,Agente Cooperativo Copia,"[0, 0, 0, 0, 0, 0, 15, 0, 0, 0, 0, 0, 0, 33]"
236,Agente Cooperativo Original,"[0, 0, 0, 0, 0, 0, 26, 0, 0, 0, 0, 0, 0, 22]"
237,Empate,"[0, 0, 0, 0, 0, 0, 24, 0, 0, 0, 0, 0, 0, 24]"
238,Agente Cooperativo Copia,"[0, 0, 0, 0, 0, 0, 16, 0, 0, 0, 0, 0, 0, 32]"
239,Agente Cooperativo Original,"[0, 0, 0, 0, 0, 0, 34, 0, 0, 0, 0, 0, 0, 14]"
240,Agente Cooperativo Original,"[0, 0, 0, 0, 0, 0, 31, 0, 0, 0, 0, 0, 0, 17]"
241,Agente Cooperativo Copia,"[0, 0, 0, 0, 0, 0, 21, 0, 0, 0, 0, 0, 0, 27]"
242,Agente Cooperativo Original,"[0, 0, 0, 0, 0, 0, 37, 0, 0, 0, 0, 0, 0, 11]"
243,Agente Cooperativo Copia,"[0, 0, 0, 0, 0, 0, 22, 0, 0, 0, 0, 0, 0, 26]"
244,Agente Cooperativo Copia,"[0, 0, 0, 0, 0, 0, 15, 0, 0, 0, 0, 0, 0, 33]"
245,Agente Cooperativo Copia,"[0, 0, 0, 0, 0, 0, 23, 0, 0, 0, 0, 0, 0, 25]"
246,Agente Cooperativo Original,"[0, 0, 0, 0, 0, 0, 26, 0, 0, 0, 0, 0, 0, 22]"
247,Agente Cooperativo Original,"[0, 0, 0, 0, 0, 0, 34, 0, 0, 0, 0, 0, 0, 14]"
248,Agente Cooperativo Original,"[0, 0, 0, 0, 0, 0, 25, 0, 0, 0, 0, 0, 0, 23]"
249,Agente Cooperativo Original,"[0, 0, 0, 0, 0, 0, 34, 0, 0, 0, 0, 0, 0, 14]"
250,Agente Cooperativo Original,"[0, 0, 0, 0, 0, 0, 27, 0, 0, 0, 0, 0, 0, 21]"
251,Agente Cooperativo Original,"[0, 0, 0, 0, 0, 0, 34, 0, 0, 0, 0, 0, 0, 14]"
252,Agente Cooperativo Original,"[0, 0, 0, 0, 0, 0, 31, 0, 0, 0, 0, 0, 0, 17]"
253,Agente Cooperativo Original,"[0, 0, 0, 0, 0, 0, 30, 0, 0, 0, 0, 0, 0, 18]"
254,Agente Cooperativo Copia,"[0, 0, 0, 0, 0, 0, 20, 0, 0, 0, 0, 0, 0, 28]"
255,Agente Cooperativo Original,"[0, 0, 0, 0, 0, 0, 28, 0, 0, 0, 0, 0, 0, 20]"
256,Agente Cooperativo Copia,"[0, 0, 0, 0, 0, 0, 19, 0, 0, 0, 0, 0, 0, 29]"
257,Agente Cooperativo Copia,"[0, 0, 0, 0, 0, 0, 17, 0, 0, 0, 0, 0, 0, 31]"
258,Agente Cooperativo Copia,"[0, 0, 0, 0, 0, 0, 12, 0, 0, 0, 0, 0, 0, 36]"
259,Agente Cooperativo Original,"[0, 0, 0, 0, 0, 0, 30, 0, 0, 0, 0, 0, 0, 18]"
260,Agente Cooperativo Original,"[0, 0, 0, 0, 0, 0, 26, 0, 0, 0, 0, 0, 0, 22]"
261,Agente Cooperativo Original,"[0, 0, 0, 0, 0, 0, 27, 0, 0, 0, 0, 0, 0, 21]"
262,Agente Cooperativo Original,"[0, 0, 0, 0, 0, 0, 28, 0, 0, 0, 0, 0, 0, 20]"
263,Agente Cooperativo Original,"[0, 0, 0, 0, 0, 0, 27, 0, 0, 0, 0, 0, 0, 21]"
264,Agente Cooperativo Original,"[0, 0, 0, 0, 0, 0, 41, 0, 0, 0, 0, 0, 0, 7]"
265,Agente Cooperativo Copia,"[0, 0, 0, 0, 0, 0, 19, 0, 0, 0, 0, 0, 0, 29]"
266,Agente Cooperativo Copia,"[0, 0, 0, 0, 0, 0, 19, 0, 0, 0, 0, 0, 0, 29]"
267,Empate,"[0, 0, 0, 0, 0, 0, 24, 0, 0, 0, 0, 0, 0, 24]"
268,Agente Cooperativo Copia,"[0, 0, 0, 0, 0, 0, 20, 0, 0, 0, 0, 0, 0, 28]"
269,Agente Cooperativo Original,"[0, 0, 0, 0, 0, 0, 27, 0, 0, 0, 0, 0, 0, 21]"
270,Agente Cooperativo Original,"[0, 0, 0, 0, 0, 0, 32, 0, 0, 0, 0, 0, 0, 16]"
271,Agente Cooperativo Copia,"[0, 0, 0, 0, 0, 0, 14, 0, 0, 0, 0, 0, 0, 34]"
272,Agente Cooperativo Copia,"[0, 0, 0, 0, 0, 0, 21, 0, 0, 0, 0, 0, 0, 27]"
273,Agente Cooperativo Copia,"[0, 0, 0, 0, 0, 0, 22, 0, 0, 0, 0, 0, 0, 26]"
274,Agente Cooperativo Original,"[0, 0, 0, 0, 0, 0, 40, 0, 0, 0, 0, 0, 0, 8]"
275,Agente Cooperativo Copia,"[0, 0, 0, 0, 0, 0, 21, 0, 0, 0, 0, 0, 0, 27]"
276,Agente Cooperativo Original,"[0, 0, 0, 0, 0, 0, 37, 0, 0, 0, 0, 0, 0, 11]"
277,Agente Cooperativo Copia,"[0, 0, 0, 0, 0, 0, 21, 0, 0, 0, 0, 0, 0, 27]"
278,Agente Cooperativo Original,"[0, 0, 0, 0, 0, 0, 32, 0, 0, 0, 0, 0, 0, 16]"
279,Agente Cooperativo Copia,"[0, 0, 0, 0, 0, 0, 19, 0, 0, 0, 0, 0, 0, 29]"
280,Agente Cooperativo Original,"[0, 0, 0, 0, 0, 0, 35, 0, 0, 0, 0, 0, 0, 13]"
281,Agente Cooperativo Copia,"[0, 0, 0, 0, 0, 0, 15, 0, 0, 0, 0, 0, 0, 33]"
282,Agente Cooperativo Original,"[0, 0, 0, 0, 0, 0, 25, 0, 0, 0, 0, 0, 0, 23]"
283,Agente Cooperativo Copia,"[0, 0, 0, 0, 0, 0, 6, 0, 0, 0, 0, 0, 0, 42]"
284,Agente Cooperativo Copia,"[0, 0, 0, 0, 0, 0, 23, 0, 0, 0, 0, 0, 0, 25]"
285,Agente Cooperativo Original,"[0, 0, 0, 0, 0, 0, 29, 0, 0, 0, 0, 0, 0, 19]"
286,Agente Cooperativo Original,"[0, 0, 0, 0, 0, 0, 30, 0, 0, 0, 0, 0, 0, 18]"
287,Agente Cooperativo Original,"[0, 0, 0, 0, 0, 0, 33, 0, 0, 0, 0, 0, 0, 15]"
288,Agente Cooperativo Copia,"[0, 0, 0, 0, 0, 0, 21, 0, 0, 0, 0, 0, 0, 27]"
289,Agente Cooperativo Copia,"[0, 0, 0, 0, 0, 0, 19, 0, 0, 0, 0, 0, 0, 29]"
290,Agente Cooperativo Original,"[0, 0, 0, 0, 0, 0, 33, 0, 0, 0, 0, 0, 0, 15]"
291,Agente Cooperativo Copia,"[0, 0, 0, 0, 0, 0, 21, 0, 0, 0, 0, 0, 0, 27]"
292,Agente Cooperativo Copia,"[0, 0, 0, 0, 0, 0, 14, 0, 0, 0, 0, 0, 0, 34]"
293,Agente Cooperativo Copia,"[0, 0, 0, 0, 0, 0, 21, 0, 0, 0, 0, 0, 0, 27]"
294,Agente Cooperativo Copia,"[0, 0, 0, 0, 0, 0, 12, 0, 0, 0, 0, 0, 0, 36]"
295,Agente Cooperativo Copia,"[0, 0, 0, 0, 0, 0, 14, 0, 0, 0, 0, 0, 0, 34]"
296,Agente Cooperativo Copia,"[0, 0, 0, 0, 0, 0, 20, 0, 0, 0, 0, 0, 0, 28]"
297,Agente Cooperativo Original,"[0, 0, 0, 0, 0, 0, 37, 0, 0, 0, 0, 0, 0, 11]"
298,Agente Cooperativo Original,"[0, 0, 0, 0, 0, 0, 29, 0, 0, 0, 0, 0, 0, 19]"
299,Agente Cooperativo Original,"[0, 0, 0, 0, 0, 0, 38, 0, 0, 0, 0, 0, 0, 10]"
300,Agente Cooperativo Original,"[0, 0, 0, 0, 0, 0, 25, 0, 0, 0, 0, 0, 0, 23]"
301,Agente Cooperativo Original,"[0, 0, 0, 0, 0, 0, 33, 0, 0, 0, 0, 0, 0, 15]"
302,Agente Cooperativo Original,"[0, 0, 0, 0, 0, 0, 29, 0, 0, 0, 0, 0, 0, 19]"
303,Agente Cooperativo Original,"[0, 0, 0, 0, 0, 0, 29, 0, 0, 0, 0, 0, 0, 19]"
304,Agente Cooperativo Original,"[0, 0, 0, 0, 0, 0, 27, 0, 0, 0, 0, 0, 0, 21]"
305,Agente Cooperativo Copia,"[0, 0, 0, 0, 0, 0, 19, 0, 0, 0, 0, 0, 0, 29]"
306,Agente Cooperativo Original,"[0, 0, 0, 0, 0, 0, 29, 0, 0, 0, 0, 0, 0, 19]"
307,Agente Cooperativo Copia,"[0, 0, 0, 0, 0, 0, 13, 0, 0, 0, 0, 0, 0, 35]"
308,Agente Cooperativo Original,"[0, 0, 0, 0, 0, 0, 25, 0, 0, 0, 0, 0, 0, 23]"
309,Agente Cooperativo Copia,"[0, 0, 0, 0, 0, 0, 15, 0, 0, 0, 0, 0, 0, 33]"
310,Agente Cooperativo Copia,"[0, 0, 0, 0, 0, 0, 21, 0, 0, 0, 0, 0, 0, 27]"
311,Agente Cooperativo Copia,"[0, 0, 0, 0, 0, 0, 14, 0, 0, 0, 0, 0, 0, 34]"
312,Empate,"[0, 0, 0, 0, 0, 0, 24, 0, 0, 0, 0, 0, 0, 24]"
313,Agente Cooperativo Copia,"[0, 0, 0, 0, 0, 0, 21, 0, 0, 0, 0, 0, 0, 27]"
314,Agente Cooperativo Copia,"[0, 0, 0, 0, 0, 0, 19, 0, 0, 0, 0, 0, 0, 29]"
315,Agente Cooperativo Original,"[0, 0, 0, 0, 0, 0, 25, 0, 0, 0, 0, 0, 0, 23]"
316,Agente Cooperativo Original,"[0, 0, 0, 0, 0, 0, 25, 0, 0, 0, 0, 0, 0, 23]"
317,Agente Cooperativo Copia,"[0, 0, 0, 0, 0, 0, 17, 0, 0, 0, 0, 0, 0, 31]"
318,Agente Cooperativo Copia,"[0, 0, 0, 0, 0, 0, 19, 0, 0, 0, 0, 0, 0, 29]"
319,Agente Cooperativo Copia,"[0, 0, 0, 0, 0, 0, 18, 0, 0, 0, 0, 0, 0, 30]"
320,Agente Cooperativo Copia,"[0, 0, 0, 0, 0, 0, 23, 0, 0, 0, 0, 0, 0, 25]"
321,Agente Cooperativo Copia,"[0, 0, 0, 0, 0, 0, 20, 0, 0, 0, 0, 0, 0, 28]"
322,Agente Cooperativo Copia,"[0, 0, 0, 0, 0, 0, 12, 0, 0, 0, 0, 0, 0, 36]"
323,Agente Cooperativo Original,"[0, 0, 0, 0, 0, 0, 26, 0, 0, 0, 0, 0, 0, 22]"
324,Agente Cooperativo Copia,"[0, 0, 0, 0, 0, 0, 18, 0, 0, 0, 0, 0, 0, 30]"
325,Empate,"[0, 0, 0, 0, 0, 0, 24, 0, 0, 0, 0, 0, 0, 24]"
326,Agente Cooperativo Copia,"[0, 0, 0, 0, 0, 0, 12, 0, 0, 0, 0, 0, 0, 36]"
327,Agente Cooperativo Copia,"[0, 0, 0, 0, 0, 0, 23, 0, 0, 0, 0, 0, 0, 25]"
328,Agente Cooperativo Original,"[0, 0, 0, 0, 0, 0, 34, 0, 0, 0, 0, 0, 0, 14]"
329,Agente Cooperativo Original,"[0, 0, 0, 0, 0, 0, 26, 0, 0, 0, 0, 0, 0, 22]"
330,Agente Cooperativo Copia,"[0, 0, 0, 0, 0, 0, 14, 0, 0, 0, 0, 0, 0, 34]"
331,Agente Cooperativo Copia,"[0, 0, 0, 0, 0, 0, 22, 0, 0, 0, 0, 0, 0, 26]"
332,Agente Cooperativo Copia,"[0, 0, 0, 0, 0, 0, 19, 0, 0, 0, 0, 0, 0, 29]"
333,Empate,"[0, 0, 0, 0, 0, 0, 24, 0, 0, 0, 0, 0, 0, 24]"
334,Agente Cooperativo Original,"[0, 0, 0, 0, 0, 0, 32, 0, 0, 0, 0, 0, 0, 16]"
335,Agente Cooperativo Copia,"[0, 0, 0, 0, 0, 0, 22, 0, 0, 0, 0, 0, 0, 26]"
336,Agente Cooperativo Original,"[0, 0, 0, 0, 0, 0, 29, 0, 0, 0, 0, 0, 0, 19]"
337,Agente Cooperativo Original,"[0, 0, 0, 0, 0, 0, 35, 0, 0, 0, 0, 0, 0, 13]"
338,Agente Cooperativo Copia,"[0, 0, 0, 0, 0, 0, 12, 0, 0, 0, 0, 0, 0, 36]"
339,Agente Cooperativo Original,"[0, 0, 0, 0, 0, 0, 37, 0, 0, 0, 0, 0, 0, 11]"
340,Agente Cooperativo Copia,"[0, 0, 0, 0, 0, 0, 18, 0, 0, 0, 0, 0, 0, 30]"
341,Agente Cooperativo Copia,"[0, 0, 0, 0, 0, 0, 21, 0, 0, 0, 0, 0, 0, 27]"
342,Agente Cooperativo Copia,"[0, 0, 0, 0, 0, 0, 13, 0, 0, 0, 0, 0, 0, 35]"
343,Agente Cooperativo Copia,"[0, 0, 0, 0, 0, 0, 14, 0, 0, 0, 0, 0, 0, 34]"
344,Agente Cooperativo Original,"[0, 0, 0, 0, 0, 0, 34, 0, 0, 0, 0, 0, 0, 14]"
345,Agente Cooperativo Original,"[0, 0, 0, 0, 0, 0, 30, 0, 0, 0, 0, 0, 0, 18]"
346,Empate,"[0, 0, 0, 0, 0, 0, 24, 0, 0, 0, 0, 0, 0, 24]"
347,Empate,"[0, 0, 0, 0, 0, 0, 24, 0, 0, 0, 0, 0, 0, 24]"
348,Agente Cooperativo Original,"[0, 0, 0, 0, 0, 0, 35, 0, 0, 0, 0, 0, 0, 13]"
349,Agente Cooperativo Original,"[0, 0, 0, 0, 0, 0, 39, 0, 0, 0, 0, 0, 0, 9]"
350,Agente Cooperativo Copia,"[0, 0, 0, 0, 0, 0, 18, 0, 0, 0, 0, 0, 0, 30]"
351,Agente Cooperativo Copia,"[0, 0, 0, 0, 0, 0, 19, 0, 0, 0, 0, 0, 0, 29]"
352,Agente Cooperativo Copia,"[0, 0, 0, 0, 0, 0, 15, 0, 0, 0, 0, 0, 0, 33]"
353,Empate,"[0, 0, 0, 0, 0, 0, 24, 0, 0, 0, 0, 0, 0, 24]"
354,Agente Cooperativo Original,"[0, 0, 0, 0, 0, 0, 31, 0, 0, 0, 0, 0, 0, 17]"
355,Agente Cooperativo Original,"[0, 0, 0, 0, 0, 0, 26, 0, 0, 0, 0, 0, 0, 22]"
356,Agente Cooperativo Original,"[0, 0, 0, 0, 0, 0, 27, 0, 0, 0, 0, 0, 0, 21]"
357,Agente Cooperativo Original,"[0, 0, 0, 0, 0, 0, 26, 0, 0, 0, 0, 0, 0, 22]"
358,Agente Cooperativo Original,"[0, 0, 0, 0, 0, 0, 37, 0, 0, 0, 0, 0, 0, 11]"
359,Agente Cooperativo Original,"[0, 0, 0, 0, 0, 0, 31, 0, 0, 0, 0, 0, 0, 17]"
360,Agente Cooperativo Copia,"[0, 0, 0, 0, 0, 0, 15, 0, 0, 0, 0, 0, 0, 33]"
361,Agente Cooperativo Copia,"[0, 0, 0, 0, 0, 0, 14, 0, 0, 0, 0, 0, 0, 34]"
362,Agente Cooperativo Original,"[0, 0, 0, 0, 0, 0, 34, 0, 0, 0, 0, 0, 0, 14]"
363,Empate,"[0, 0, 0, 0, 0, 0, 24, 0, 0, 0, 0, 0, 0, 24]"
364,Agente Cooperativo Original,"[0, 0, 0, 0, 0, 0, 44, 0, 0, 0, 0, 0, 0, 4]"
365,Agente Cooperativo Copia,"[0, 0, 0, 0, 0, 0, 12, 0, 0, 0, 0, 0, 0, 36]"
366,Agente Cooperativo Original,"[0, 0, 0, 0, 0, 0, 32, 0, 0, 0, 0, 0, 0, 16]"
367,Agente Cooperativo Copia,"[0, 0, 0, 0, 0, 0, 21, 0, 0, 0, 0, 0, 0, 27]"
368,Agente Cooperativo Original,"[0, 0, 0, 0, 0, 0, 29, 0, 0, 0, 0, 0, 0, 19]"
369,Agente Cooperativo Copia,"[0, 0, 0, 0, 0, 0, 18, 0, 0, 0, 0, 0, 0, 30]"
370,Agente Cooperativo Copia,"[0, 0, 0, 0, 0, 0, 13, 0, 0, 0, 0, 0, 0, 35]"
371,Agente Cooperativo Original,"[0, 0, 0, 0, 0, 0, 27, 0, 0, 0, 0, 0, 0, 21]"
372,Agente Cooperativo Original,"[0, 0, 0, 0, 0, 0, 25, 0, 0, 0, 0, 0, 0, 23]"
373,Agente Cooperativo Original,"[0, 0, 0, 0, 0, 0, 26, 0, 0, 0, 0, 0, 0, 22]"
374,Agente Cooperativo Copia,"[0, 0, 0, 0, 0, 0, 22, 0, 0, 0, 0, 0, 0, 26]"
375,Agente Cooperativo Copia,"[0, 0, 0, 0, 0, 0, 8, 0, 0, 0, 0, 0, 0, 40]"
376,Agente Cooperativo Original,"[0, 0, 0, 0, 0, 0, 31, 0, 0, 0, 0, 0, 0, 17]"
377,Agente Cooperativo Original,"[0, 0, 0, 0, 0, 0, 31, 0, 0, 0, 0, 0, 0, 17]"
378,Agente Cooperativo Copia,"[0, 0, 0, 0, 0, 0, 19, 0, 0, 0, 0, 0, 0, 29]"
379,Empate,"[0, 0, 0, 0, 0, 0, 24, 0, 0, 0, 0, 0, 0, 24]"
380,Agente Cooperativo Copia,"[0, 0, 0, 0, 0, 0, 23, 0, 0, 0, 0, 0, 0, 25]"
381,Agente Cooperativo Original,"[0, 0, 0, 0, 0, 0, 25, 0, 0, 0, 0, 0, 0, 23]"
382,Agente Cooperativo Copia,"[0, 0, 0, 0, 0, 0, 23, 0, 0, 0, 0, 0, 0, 25]"
383,Agente Cooperativo Original,"[0, 0, 0, 0, 0, 0, 35, 0, 0, 0, 0, 0, 0, 13]"
384,Agente Cooperativo Original,"[0, 0, 0, 0, 0, 0, 31, 0, 0, 0, 0, 0, 0, 17]"
385,Agente Cooperativo Copia,"[0, 0, 0, 0, 0, 0, 20, 0, 0, 0, 0, 0, 0, 28]"
386,Agente Cooperativo Original,"[0, 0, 0, 0, 0, 0, 25, 0, 0, 0, 0, 0, 0, 23]"
387,Agente Cooperativo Copia,"[0, 0, 0, 0, 0, 0, 18, 0, 0, 0, 0, 0, 0, 30]"
388,Agente Cooperativo Original,"[0, 0, 0, 0, 0, 0, 27, 0, 0, 0, 0, 0, 0, 21]"
389,Agente Cooperativo Original,"[0, 0, 0, 0, 0, 0, 28, 0, 0, 0, 0, 0, 0, 20]"
390,Agente Cooperativo Original,"[0, 0, 0, 0, 0, 0, 34, 0, 0, 0, 0, 0, 0, 14]"
391,Agente Cooperativo Copia,"[0, 0, 0, 0, 0, 0, 19, 0, 0, 0, 0, 0, 0, 29]"
392,Agente Cooperativo Original,"[0, 0, 0, 0, 0, 0, 42, 0, 0, 0, 0, 0, 0, 6]"
393,Agente Cooperativo Copia,"[0, 0, 0, 0, 0, 0, 21, 0, 0, 0, 0, 0, 0, 27]"
394,Agente Cooperativo Original,"[0, 0, 0, 0, 0, 0, 39, 0, 0, 0, 0, 0, 0, 9]"
395,Agente Cooperativo Copia,"[0, 0, 0, 0, 0, 0, 15, 0, 0, 0, 0, 0, 0, 33]"
396,Agente Cooperativo Original,"[0, 0, 0, 0, 0, 0, 31, 0, 0, 0, 0, 0, 0, 17]"
397,Agente Cooperativo Original,"[0, 0, 0, 0, 0, 0, 29, 0, 0, 0, 0, 0, 0, 19]"
398,Agente Cooperativo Original,"[0, 0, 0, 0, 0, 0, 34, 0, 0, 0, 0, 0, 0, 14]"
399,Agente Cooperativo Original,"[0, 0, 0, 0, 0, 0, 29, 0, 0, 0, 0, 0, 0, 19]"
400,Agente Cooperativo Original,"[0, 0, 0, 0, 0, 0, 28, 0, 0, 0, 0, 0, 0, 20]"
401,Agente Cooperativo Original,"[0, 0, 0, 0, 0, 0, 32, 0, 0, 0, 0, 0, 0, 16]"
402,Agente Cooperativo Copia,"[0, 0, 0, 0, 0, 0, 15, 0, 0, 0, 0, 0, 0, 33]"
403,Agente Cooperativo Copia,"[0, 0, 0, 0, 0, 0, 21, 0, 0, 0, 0, 0, 0, 27]"
404,Agente Cooperativo Copia,"[0, 0, 0, 0, 0, 0, 14, 0, 0, 0, 0, 0, 0, 34]"
405,Agente Cooperativo Copia,"[0, 0, 0, 0, 0, 0, 19, 0, 0, 0, 0, 0, 0, 29]"
406,Agente Cooperativo Original,"[0, 0, 0, 0, 0, 0, 32, 0, 0, 0, 0, 0, 0, 16]"
407,Agente Cooperativo Original,"[0, 0, 0, 0, 0, 0, 30, 0, 0, 0, 0, 0, 0, 18]"
408,Agente Cooperativo Copia,"[0, 0, 0, 0, 0, 0, 21, 0, 0, 0, 0, 0, 0, 27]"
409,Agente Cooperativo Original,"[0, 0, 0, 0, 0, 0, 37, 0, 0, 0, 0, 0, 0, 11]"
410,Agente Cooperativo Copia,"[0, 0, 0, 0, 0, 0, 15, 0, 0, 0, 0, 0, 0, 33]"
411,Agente Cooperativo Original,"[0, 0, 0, 0, 0, 0, 31, 0, 0, 0, 0, 0, 0, 17]"
412,Agente Cooperativo Copia,"[0, 0, 0, 0, 0, 0, 12, 0, 0, 0, 0, 0, 0, 36]"
413,Agente Cooperativo Copia,"[0, 0, 0, 0, 0, 0, 15, 0, 0, 0, 0, 0, 0, 33]"
414,Agente Cooperativo Copia,"[0, 0, 0, 0, 0, 0, 11, 0, 0, 0, 0, 0, 0, 37]"
415,Agente Cooperativo Copia,"[0, 0, 0, 0, 0, 0, 11, 0, 0, 0, 0, 0, 0, 37]"
416,Agente Cooperativo Original,"[0, 0, 0, 0, 0, 0, 41, 0, 0, 0, 0, 0, 0, 7]"
417,Agente Cooperativo Original,"[0, 0, 0, 0, 0, 0, 27, 0, 0, 0, 0, 0, 0, 21]"
418,Agente Cooperativo Copia,"[0, 0, 0, 0, 0, 0, 18, 0, 0, 0, 0, 0, 0, 30]"
419,Agente Cooperativo Copia,"[0, 0, 0, 0, 0, 0, 19, 0, 0, 0, 0, 0, 0, 29]"
420,Agente Cooperativo Copia,"[0, 0, 0, 0, 0, 0, 21, 0, 0, 0, 0, 0, 0, 27]"
421,Agente Cooperativo Copia,"[0, 0, 0, 0, 0, 0, 22, 0, 0, 0, 0, 0, 0, 26]"
422,Agente Cooperativo Copia,"[0, 0, 0, 0, 0, 0, 21, 0, 0, 0, 0, 0, 0, 27]"
423,Agente Cooperativo Original,"[0, 0, 0, 0, 0, 0, 31, 0, 0, 0, 0, 0, 0, 17]"
424,Agente Cooperativo Original,"[0, 0, 0, 0, 0, 0, 37, 0, 0, 0, 0, 0, 0, 11]"
425,Agente Cooperativo Copia,"[0, 0, 0, 0, 0, 0, 13, 0, 0, 0, 0, 0, 0, 35]"
426,Empate,"[0, 0, 0, 0, 0, 0, 24, 0, 0, 0, 0, 0, 0, 24]"
427,Agente Cooperativo Copia,"[0, 0, 0, 0, 0, 0, 16, 0, 0, 0, 0, 0, 0, 32]"
428,Agente Cooperativo Copia,"[0, 0, 0, 0, 0, 0, 16, 0, 0, 0, 0, 0, 0, 32]"
429,Agente Cooperativo Original,"[0, 0, 0, 0, 0, 0, 36, 0, 0, 0, 0, 0, 0, 12]"
430,Agente Cooperativo Copia,"[0, 0, 0, 0, 0, 0, 19, 0, 0, 0, 0, 0, 0, 29]"
431,Agente Cooperativo Original,"[0, 0, 0, 0, 0, 0, 28, 0, 0, 0, 0, 0, 0, 20]"
432,Agente Cooperativo Copia,"[0, 0, 0, 0, 0, 0, 14, 0, 0, 0, 0, 0, 0, 34]"
433,Agente Cooperativo Copia,"[0, 0, 0, 0, 0, 0, 9, 0, 0, 0, 0, 0, 0, 39]"
434,Agente Cooperativo Original,"[0, 0, 0, 0, 0, 0, 32, 0, 0, 0, 0, 0, 0, 16]"
435,Agente Cooperativo Original,"[0, 0, 0, 0, 0, 0, 28, 0, 0, 0, 0, 0, 0, 20]"
436,Empate,"[0, 0, 0, 0, 0, 0, 24, 0, 0, 0, 0, 0, 0, 24]"
437,Agente Cooperativo Copia,"[0, 0, 0, 0, 0, 0, 12, 0, 0, 0, 0, 0, 0, 36]"
438,Agente Cooperativo Copia,"[0, 0, 0, 0, 0, 0, 14, 0, 0, 0, 0, 0, 0, 34]"
439,Agente Cooperativo Copia,"[0, 0, 0, 0, 0, 0, 23, 0, 0, 0, 0, 0, 0, 25]"
440,Agente Cooperativo Original,"[0, 0, 0, 0, 0, 0, 26, 0, 0, 0, 0, 0, 0, 22]"
441,Agente Cooperativo Original,"[0, 0, 0, 0, 0, 0, 28, 0, 0, 0, 0, 0, 0, 20]"
442,Agente Cooperativo Original,"[0, 0, 0, 0, 0, 0, 29, 0, 0, 0, 0, 0, 0, 19]"
443,Agente Cooperativo Copia,"[0, 0, 0, 0, 0, 0, 22, 0, 0, 0, 0, 0, 0, 26]"
444,Agente Cooperativo Original,"[0, 0, 0, 0, 0, 0, 28, 0, 0, 0, 0, 0, 0, 20]"
445,Agente Cooperativo Original,"[0, 0, 0, 0, 0, 0, 28, 0, 0, 0, 0, 0, 0, 20]"
446,Agente Cooperativo Copia,"[0, 0, 0, 0, 0, 0, 22, 0, 0, 0, 0, 0, 0, 26]"
447,Agente Cooperativo Original,"[0, 0, 0, 0, 0, 0, 29, 0, 0, 0, 0, 0, 0, 19]"
448,Agente Cooperativo Original,"[0, 0, 0, 0, 0, 0, 31, 0, 0, 0, 0, 0, 0, 17]"
449,Agente Cooperativo Copia,"[0, 0, 0, 0, 0, 0, 19, 0, 0, 0, 0, 0, 0, 29]"
450,Agente Cooperativo Copia,"[0, 0, 0, 0, 0, 0, 12, 0, 0, 0, 0, 0, 0, 36]"
451,Agente Cooperativo Original,"[0, 0, 0, 0, 0, 0, 34, 0, 0, 0, 0, 0, 0, 14]"
452,Agente Cooperativo Copia,"[0, 0, 0, 0, 0, 0, 18, 0, 0, 0, 0, 0, 0, 30]"
453,Agente Cooperativo Copia,"[0, 0, 0, 0, 0, 0, 16, 0, 0, 0, 0, 0, 0, 32]"
454,Agente Cooperativo Copia,"[0, 0, 0, 0, 0, 0, 22, 0, 0, 0, 0, 0, 0, 26]"
455,Agente Cooperativo Original,"[0, 0, 0, 0, 0, 0, 31, 0, 0, 0, 0, 0, 0, 17]"
456,Agente Cooperativo Copia,"[0, 0, 0, 0, 0, 0, 21, 0, 0, 0, 0, 0, 0, 27]"
457,Agente Cooperativo Copia,"[0, 0, 0, 0, 0, 0, 15, 0, 0, 0, 0, 0, 0, 33]"
458,Agente Cooperativo Original,"[0, 0, 0, 0, 0, 0, 28, 0, 0, 0, 0, 0, 0, 20]"
459,Agente Cooperativo Original,"[0, 0, 0, 0, 0, 0, 28, 0, 0, 0, 0, 0, 0, 20]"
460,Agente Cooperativo Copia,"[0, 0, 0, 0, 0, 0, 10, 0, 0, 0, 0, 0, 0, 38]"
461,Agente Cooperativo Original,"[0, 0, 0, 0, 0, 0, 31, 0, 0, 0, 0, 0, 0, 17]"
462,Agente Cooperativo Original,"[0, 0, 0, 0, 0, 0, 39, 0, 0, 0, 0, 0, 0, 9]"
463,Agente Cooperativo Copia,"[0, 0, 0, 0, 0, 0, 15, 0, 0, 0, 0, 0, 0, 33]"
464,Agente Cooperativo Copia,"[0, 0, 0, 0, 0, 0, 23, 0, 0, 0, 0, 0, 0, 25]"
465,Agente Cooperativo Original,"[0, 0, 0, 0, 0, 0, 29, 0, 0, 0, 0, 0, 0, 19]"
466,Agente Cooperativo Original,"[0, 0, 0, 0, 0, 0, 26, 0, 0, 0, 0, 0, 0, 22]"
467,Agente Cooperativo Original,"[0, 0, 0, 0, 0, 0, 29, 0, 0, 0, 0, 0, 0, 19]"
468,Agente Cooperativo Original,"[0, 0, 0, 0, 0, 0, 32, 0, 0, 0, 0, 0, 0, 16]"
469,Agente Cooperativo Original,"[0, 0, 0, 0, 0, 0, 32, 0, 0, 0, 0, 0, 0, 16]"
470,Empate,"[0, 0, 0, 0, 0, 0, 24, 0, 0, 0, 0, 0, 0, 24]"
471,Agente Cooperativo Copia,"[0, 0, 0, 0, 0, 0, 15, 0, 0, 0, 0, 0, 0, 33]"
472,Agente Cooperativo Original,"[0, 0, 0, 0, 0, 0, 30, 0, 0, 0, 0, 0, 0, 18]"
473,Agente Cooperativo Copia,"[0, 0, 0, 0, 0, 0, 15, 0, 0, 0, 0, 0, 0, 33]"
474,Agente Cooperativo Copia,"[0, 0, 0, 0, 0, 0, 19, 0, 0, 0, 0, 0, 0, 29]"
475,Agente Cooperativo Original,"[0, 0, 0, 0, 0, 0, 33, 0, 0, 0, 0, 0, 0, 15]"
476,Agente Cooperativo Copia,"[0, 0, 0, 0, 0, 0, 18, 0, 0, 0, 0, 0, 0, 30]"
477,Agente Cooperativo Original,"[0, 0, 0, 0, 0, 0, 32, 0, 0, 0, 0, 0, 0, 16]"
478,Agente Cooperativo Copia,"[0, 0, 0, 0, 0, 0, 15, 0, 0, 0, 0, 0, 0, 33]"
479,Agente Cooperativo Original,"[0, 0, 0, 0, 0, 0, 27, 0, 0, 0, 0, 0, 0, 21]"
480,Agente Cooperativo Copia,"[0, 0, 0, 0, 0, 0, 8, 0, 0, 0, 0, 0, 0, 40]"
481,Agente Cooperativo Original,"[0, 0, 0, 0, 0, 0, 32, 0, 0, 0, 0, 0, 0, 16]"
482,Agente Cooperativo Copia,"[0, 0, 0, 0, 0, 0, 21, 0, 0, 0, 0, 0, 0, 27]"
483,Agente Cooperativo Copia,"[0, 0, 0, 0, 0, 0, 14, 0, 0, 0, 0, 0, 0, 34]"
484,Agente Cooperativo Original,"[0, 0, 0, 0, 0, 0, 28, 0, 0, 0, 0, 0, 0, 20]"
485,Agente Cooperativo Original,"[0, 0, 0, 0, 0, 0, 29, 0, 0, 0, 0, 0, 0, 19]"
486,Agente Cooperativo Copia,"[0, 0, 0, 0, 0, 0, 19, 0, 0, 0, 0, 0, 0, 29]"
487,Agente Cooperativo Copia,"[0, 0, 0, 0, 0, 0, 15, 0, 0, 0, 0, 0, 0, 33]"
488,Agente Cooperativo Copia,"[0, 0, 0, 0, 0, 0, 20, 0, 0, 0, 0, 0, 0, 28]"
489,Agente Cooperativo Original,"[0, 0, 0, 0, 0, 0, 41, 0, 0, 0, 0, 0, 0, 7]"
490,Agente Cooperativo Original,"[0, 0, 0, 0, 0, 0, 30, 0, 0, 0, 0, 0, 0, 18]"
491,Agente Cooperativo Copia,"[0, 0, 0, 0, 0, 0, 19, 0, 0, 0, 0, 0, 0, 29]"
492,Agente Cooperativo Original,"[0, 0, 0, 0, 0, 0, 27, 0, 0, 0, 0, 0, 0, 21]"
493,Agente Cooperativo Original,"[0, 0, 0, 0, 0, 0, 27, 0, 0, 0, 0, 0, 0, 21]"
494,Agente Cooperativo Original,"[0, 0, 0, 0, 0, 0, 40, 0, 0, 0, 0, 0, 0, 8]"
495,Agente Cooperativo Original,"[0, 0, 0, 0, 0, 0, 32, 0, 0, 0, 0, 0, 0, 16]"
496,Agente Cooperativo Original,"[0, 0, 0, 0, 0, 0, 33, 0, 0, 0, 0, 0, 0, 15]"
497,Agente Cooperativo Copia,"[0, 0, 0, 0, 0, 0, 19, 0, 0, 0, 0, 0, 0, 29]"
498,Agente Cooperativo Original,"[0, 0, 0, 0, 0, 0, 26, 0, 0, 0, 0, 0, 0, 22]"
499,Agente Cooperativo Copia,"[0, 0, 0, 0, 0, 0, 13, 0, 0, 0, 0, 0, 0, 35]"
500,Agente Cooperativo Copia,"[0, 0, 0, 0, 0, 0, 16, 0, 0, 0, 0, 0, 0, 32]"
501,Agente Cooperativo Copia,"[0, 0, 0, 0, 0, 0, 17, 0, 0, 0, 0, 0, 0, 31]"
502,Agente Cooperativo Original,"[0, 0, 0, 0, 0, 0, 29, 0, 0, 0, 0, 0, 0, 19]"
503,Agente Cooperativo Copia,"[0, 0, 0, 0, 0, 0, 18, 0, 0, 0, 0, 0, 0, 30]"
504,Agente Cooperativo Copia,"[0, 0, 0, 0, 0, 0, 12, 0, 0, 0, 0, 0, 0, 36]"
505,Agente Cooperativo Copia,"[0, 0, 0, 0, 0, 0, 19, 0, 0, 0, 0, 0, 0, 29]"
506,Agente Cooperativo Copia,"[0, 0, 0, 0, 0, 0, 22, 0, 0, 0, 0, 0, 0, 26]"
507,Agente Cooperativo Original,"[0, 0, 0, 0, 0, 0, 29, 0, 0, 0, 0, 0, 0, 19]"
508,Agente Cooperativo Original,"[0, 0, 0, 0, 0, 0, 31, 0, 0, 0, 0, 0, 0, 17]"
509,Agente Cooperativo Original,"[0, 0, 0, 0, 0, 0, 32, 0, 0, 0, 0, 0, 0, 16]"
510,Agente Cooperativo Original,"[0, 0, 0, 0, 0, 0, 32, 0, 0, 0, 0, 0, 0, 16]"
511,Agente Cooperativo Original,"[0, 0, 0, 0, 0, 0, 32, 0, 0, 0, 0, 0, 0, 16]"
512,Agente Cooperativo Copia,"[0, 0, 0, 0, 0, 0, 14, 0, 0, 0, 0, 0, 0, 34]"
513,Agente Cooperativo Original,"[0, 0, 0, 0, 0, 0, 32, 0, 0, 0, 0, 0, 0, 16]"
514,Agente Cooperativo Copia,"[0, 0, 0, 0, 0, 0, 15, 0, 0, 0, 0, 0, 0, 33]"
515,Agente Cooperativo Copia,"[0, 0, 0, 0, 0, 0, 20, 0, 0, 0, 0, 0, 0, 28]"
516,Agente Cooperativo Original,"[0, 0, 0, 0, 0, 0, 28, 0, 0, 0, 0, 0, 0, 20]"
517,Agente Cooperativo Copia,"[0, 0, 0, 0, 0, 0, 20, 0, 0, 0, 0, 0, 0, 28]"
518,Agente Cooperativo Original,"[0, 0, 0, 0, 0, 0, 25, 0, 0, 0, 0, 0, 0, 23]"
519,Empate,"[0, 0, 0, 0, 0, 0, 24, 0, 0, 0, 0, 0, 0, 24]"
520,Agente Cooperativo Original,"[0, 0, 0, 0, 0, 0, 37, 0, 0, 0, 0, 0, 0, 11]"
521,Agente Cooperativo Copia,"[0, 0, 0, 0, 0, 0, 18, 0, 0, 0, 0, 0, 0, 30]"
522,Agente Cooperativo Original,"[0, 0, 0, 0, 0, 0, 25, 0, 0, 0, 0, 0, 0, 23]"
523,Agente Cooperativo Copia,"[0, 0, 0, 0, 0, 0, 19, 0, 0, 0, 0, 0, 0, 29]"
524,Empate,"[0, 0, 0, 0, 0, 0, 24, 0, 0, 0, 0, 0, 0, 24]"
525,Agente Cooperativo Copia,"[0, 0, 0, 0, 0, 0, 19, 0, 0, 0, 0, 0, 0, 29]"
526,Agente Cooperativo Original,"[0, 0, 0, 0, 0, 0, 31, 0, 0, 0, 0, 0, 0, 17]"
527,Agente Cooperativo Copia,"[0, 0, 0, 0, 0, 0, 9, 0, 0, 0, 0, 0, 0, 39]"
528,Agente Cooperativo Copia,"[0, 0, 0, 0, 0, 0, 12, 0, 0, 0, 0, 0, 0, 36]"
529,Agente Cooperativo Original,"[0, 0, 0, 0, 0, 0, 37, 0, 0, 0, 0, 0, 0, 11]"
530,Agente Cooperativo Original,"[0, 0, 0, 0, 0, 0, 28, 0, 0, 0, 0, 0, 0, 20]"
531,Agente Cooperativo Copia,"[0, 0, 0, 0, 0, 0, 9, 0, 0, 0, 0, 0, 0, 39]"
532,Agente Cooperativo Original,"[0, 0, 0, 0, 0, 0, 37, 0, 0, 0, 0, 0, 0, 11]"
533,Agente Cooperativo Copia,"[0, 0, 0, 0, 0, 0, 15, 0, 0, 0, 0, 0, 0, 33]"
534,Agente Cooperativo Original,"[0, 0, 0, 0, 0, 0, 36, 0, 0, 0, 0, 0, 0, 12]"
535,Agente Cooperativo Original,"[0, 0, 0, 0, 0, 0, 32, 0, 0, 0, 0, 0, 0, 16]"
536,Agente Cooperativo Copia,"[0, 0, 0, 0, 0, 0, 18, 0, 0, 0, 0, 0, 0, 30]"
537,Agente Cooperativo Original,"[0, 0, 0, 0, 0, 0, 44, 0, 0, 0, 0, 0, 0, 4]"
538,Agente Cooperativo Original,"[0, 0, 0, 0, 0, 0, 30, 0, 0, 0, 0, 0, 0, 18]"
539,Agente Cooperativo Original,"[0, 0, 0, 0, 0, 0, 29, 0, 0, 0, 0, 0, 0, 19]"
540,Agente Cooperativo Original,"[0, 0, 0, 0, 0, 0, 35, 0, 0, 0, 0, 0, 0, 13]"
541,Empate,"[0, 0, 0, 0, 0, 0, 24, 0, 0, 0, 0, 0, 0, 24]"
542,Agente Cooperativo Original,"[0, 0, 0, 0, 0, 0, 25, 0, 0, 0, 0, 0, 0, 23]"
543,Agente Cooperativo Copia,"[0, 0, 0, 0, 0, 0, 19, 0, 0, 0, 0, 0, 0, 29]"
544,Agente Cooperativo Original,"[0, 0, 0, 0, 0, 0, 39, 0, 0, 0, 0, 0, 0, 9]"
545,Agente Cooperativo Copia,"[0, 0, 0, 0, 0, 0, 15, 0, 0, 0, 0, 0, 0, 33]"
546,Agente Cooperativo Original,"[0, 0, 0, 0, 0, 0, 29, 0, 0, 0, 0, 0, 0, 19]"
547,Agente Cooperativo Copia,"[0, 0, 0, 0, 0, 0, 12, 0, 0, 0, 0, 0, 0, 36]"
548,Agente Cooperativo Original,"[0, 0, 0, 0, 0, 0, 30, 0, 0, 0, 0, 0, 0, 18]"
549,Agente Cooperativo Copia,"[0, 0, 0, 0, 0, 0, 15, 0, 0, 0, 0, 0, 0, 33]"
550,Agente Cooperativo Copia,"[0, 0, 0, 0, 0, 0, 23, 0, 0, 0, 0, 0, 0, 25]"
551,Agente Cooperativo Copia,"[0, 0, 0, 0, 0, 0, 18, 0, 0, 0, 0, 0, 0, 30]"
552,Agente Cooperativo Copia,"[0, 0, 0, 0, 0, 0, 22, 0, 0, 0, 0, 0, 0, 26]"
553,Agente Cooperativo Copia,"[0, 0, 0, 0, 0, 0, 13, 0, 0, 0, 0, 0, 0, 35]"
554,Agente Cooperativo Copia,"[0, 0, 0, 0, 0, 0, 23, 0, 0, 0, 0, 0, 0, 25]"
555,Agente Cooperativo Copia,"[0, 0, 0, 0, 0, 0, 21, 0, 0, 0, 0, 0, 0, 27]"
556,Agente Cooperativo Copia,"[0, 0, 0, 0, 0, 0, 10, 0, 0, 0, 0, 0, 0, 38]"
557,Agente Cooperativo Copia,"[0, 0, 0, 0, 0, 0, 12, 0, 0, 0, 0, 0, 0, 36]"
558,Agente Cooperativo Original,"[0, 0, 0, 0, 0, 0, 25, 0, 0, 0, 0, 0, 0, 23]"
559,Agente Cooperativo Copia,"[0, 0, 0, 0, 0, 0, 20, 0, 0, 0, 0, 0, 0, 28]"
560,Agente Cooperativo Copia,"[0, 0, 0, 0, 0, 0, 13, 0, 0, 0, 0, 0, 0, 35]"
561,Agente Cooperativo Original,"[0, 0, 0, 0, 0, 0, 30, 0, 0, 0, 0, 0, 0, 18]"
562,Agente Cooperativo Original,"[0, 0, 0, 0, 0, 0, 33, 0, 0, 0, 0, 0, 0, 15]"
563,Agente Cooperativo Copia,"[0, 0, 0, 0, 0, 0, 21, 0, 0, 0, 0, 0, 0, 27]"
564,Agente Cooperativo Copia,"[0, 0, 0, 0, 0, 0, 23, 0, 0, 0, 0, 0, 0, 25]"
565,Agente Cooperativo Original,"[0, 0, 0, 0, 0, 0, 37, 0, 0, 0, 0, 0, 0, 11]"
566,Agente Cooperativo Original,"[0, 0, 0, 0, 0, 0, 26, 0, 0, 0, 0, 0, 0, 22]"
567,Agente Cooperativo Copia,"[0, 0, 0, 0, 0, 0, 12, 0, 0, 0, 0, 0, 0, 36]"
568,Agente Cooperativo Copia,"[0, 0, 0, 0, 0, 0, 22, 0, 0, 0, 0, 0, 0, 26]"
569,Agente Cooperativo Original,"[0, 0, 0, 0, 0, 0, 33, 0, 0, 0, 0, 0, 0, 15]"
570,Agente Cooperativo Original,"[0, 0, 0, 0, 0, 0, 26, 0, 0, 0, 0, 0, 0, 22]"
571,Agente Cooperativo Original,"[0, 0, 0, 0, 0, 0, 28, 0, 0, 0, 0, 0, 0, 20]"
572,Agente Cooperativo Original,"[0, 0, 0, 0, 0, 0, 30, 0, 0, 0, 0, 0, 0, 18]"
573,Agente Cooperativo Copia,"[0, 0, 0, 0, 0, 0, 19, 0, 0, 0, 0, 0, 0, 29]"
574,Agente Cooperativo Original,"[0, 0, 0, 0, 0, 0, 34, 0, 0, 0, 0, 0, 0, 14]"
575,Agente Cooperativo Copia,"[0, 0, 0, 0, 0, 0, 22, 0, 0, 0, 0, 0, 0, 26]"
576,Agente Cooperativo Copia,"[0, 0, 0, 0, 0, 0, 15, 0, 0, 0, 0, 0, 0, 33]"
577,Agente Cooperativo Copia,"[0, 0, 0, 0, 0, 0, 21, 0, 0, 0, 0, 0, 0, 27]"
578,Agente Cooperativo Copia,"[0, 0, 0, 0, 0, 0, 11, 0, 0, 0, 0, 0, 0, 37]"
579,Agente Cooperativo Original,"[0, 0, 0, 0, 0, 0, 31, 0, 0, 0, 0, 0, 0, 17]"
580,Agente Cooperativo Copia,"[0, 0, 0, 0, 0, 0, 7, 0, 0, 0, 0, 0, 0, 41]"
581,Agente Cooperativo Copia,"[0, 0, 0, 0, 0, 0, 22, 0, 0, 0, 0, 0, 0, 26]"
582,Agente Cooperativo Original,"[0, 0, 0, 0, 0, 0, 31, 0, 0, 0, 0, 0, 0, 17]"
583,Agente Cooperativo Copia,"[0, 0, 0, 0, 0, 0, 20, 0, 0, 0, 0, 0, 0, 28]"
584,Agente Cooperativo Copia,"[0, 0, 0, 0, 0, 0, 12, 0, 0, 0, 0, 0, 0, 36]"
585,Agente Cooperativo Copia,"[0, 0, 0, 0, 0, 0, 11, 0, 0, 0, 0, 0, 0, 37]"
586,Empate,"[0, 0, 0, 0, 0, 0, 24, 0, 0, 0, 0, 0, 0, 24]"
587,Agente Cooperativo Copia,"[0, 0, 0, 0, 0, 0, 21, 0, 0, 0, 0, 0, 0, 27]"
588,Agente Cooperativo Original,"[0, 0, 0, 0, 0, 0, 29, 0, 0, 0, 0, 0, 0, 19]"
589,Agente Cooperativo Copia,"[0, 0, 0, 0, 0, 0, 22, 0, 0, 0, 0, 0, 0, 26]"
590,Empate,"[0, 0, 0, 0, 0, 0, 24, 0, 0, 0, 0, 0, 0, 24]"
591,Agente Cooperativo Original,"[0, 0, 0, 0, 0, 0, 32, 0, 0, 0, 0, 0, 0, 16]"
592,Agente Cooperativo Original,"[0, 0, 0, 0, 0, 0, 26, 0, 0, 0, 0, 0, 0, 22]"
593,Agente Cooperativo Original,"[0, 0, 0, 0, 0, 0, 35, 0, 0, 0, 0, 0, 0, 13]"
594,Agente Cooperativo Copia,"[0, 0, 0, 0, 0, 0, 20, 0, 0, 0, 0, 0, 0, 28]"
595,Empate,"[0, 0, 0, 0, 0, 0, 24, 0, 0, 0, 0, 0, 0, 24]"
596,Agente Cooperativo Original,"[0, 0, 0, 0, 0, 0, 31, 0, 0, 0, 0, 0, 0, 17]"
597,Agente Cooperativo Copia,"[0, 0, 0, 0, 0, 0, 11, 0, 0, 0, 0, 0, 0, 37]"
598,Agente Cooperativo Original,"[0, 0, 0, 0, 0, 0, 27, 0, 0, 0, 0, 0, 0, 21]"
599,Agente Cooperativo Original,"[0, 0, 0, 0, 0, 0, 33, 0, 0, 0, 0, 0, 0, 15]"
600,Agente Cooperativo Original,"[0, 0, 0, 0, 0, 0, 31, 0, 0, 0, 0, 0, 0, 17]"
601,Agente Cooperativo Copia,"[0, 0, 0, 0, 0, 0, 12, 0, 0, 0, 0, 0, 0, 36]"
602,Agente Cooperativo Copia,"[0, 0, 0, 0, 0, 0, 14, 0, 0, 0, 0, 0, 0, 34]"
603,Agente Cooperativo Original,"[0, 0, 0, 0, 0, 0, 34, 0, 0, 0, 0, 0, 0, 14]"
604,Agente Cooperativo Original,"[0, 0, 0, 0, 0, 0, 25, 0, 0, 0, 0, 0, 0, 23]"
605,Agente Cooperativo Copia,"[0, 0, 0, 0, 0, 0, 20, 0, 0, 0, 0, 0, 0, 28]"
606,Agente Cooperativo Copia,"[0, 0, 0, 0, 0, 0, 20, 0, 0, 0, 0, 0, 0, 28]"
607,Empate,"[0, 0, 0, 0, 0, 0, 24, 0, 0, 0, 0, 0, 0, 24]"
608,Agente Cooperativo Copia,"[0, 0, 0, 0, 0, 0, 14, 0, 0, 0, 0, 0, 0, 34]"
609,Agente Cooperativo Copia,"[0, 0, 0, 0, 0, 0, 19, 0, 0, 0, 0, 0, 0, 29]"
610,Agente Cooperativo Original,"[0, 0, 0, 0, 0, 0, 29, 0, 0, 0, 0, 0, 0, 19]"
611,Agente Cooperativo Copia,"[0, 0, 0, 0, 0, 0, 16, 0, 0, 0, 0, 0, 0, 32]"
612,Agente Cooperativo Original,"[0, 0, 0, 0, 0, 0, 31, 0, 0, 0, 0, 0, 0, 17]"
613,Agente Cooperativo Original,"[0, 0, 0, 0, 0, 0, 26, 0, 0, 0, 0, 0, 0, 22]"
614,Agente Cooperativo Original,"[0, 0, 0, 0, 0, 0, 27, 0, 0, 0, 0, 0, 0, 21]"
615,Agente Cooperativo Copia,"[0, 0, 0, 0, 0, 0, 18, 0, 0, 0, 0, 0, 0, 30]"
616,Agente Cooperativo Copia,"[0, 0, 0, 0, 0, 0, 18, 0, 0, 0, 0, 0, 0, 30]"
617,Agente Cooperativo Copia,"[0, 0, 0, 0, 0, 0, 19, 0, 0, 0, 0, 0, 0, 29]"
618,Agente Cooperativo Original,"[0, 0, 0, 0, 0, 0, 37, 0, 0, 0, 0, 0, 0, 11]"
619,Empate,"[0, 0, 0, 0, 0, 0, 24, 0, 0, 0, 0, 0, 0, 24]"
620,Agente Cooperativo Copia,"[0, 0, 0, 0, 0, 0, 22, 0, 0, 0, 0, 0, 0, 26]"
621,Agente Cooperativo Original,"[0, 0, 0, 0, 0, 0, 27, 0, 0, 0, 0, 0, 0, 21]"
622,Agente Cooperativo Original,"[0, 0, 0, 0, 0, 0, 28, 0, 0, 0, 0, 0, 0, 20]"
623,Agente Cooperativo Copia,"[0, 0, 0, 0, 0, 0, 16, 0, 0, 0, 0, 0, 0, 32]"
624,Agente Cooperativo Original,"[0, 0, 0, 0, 0, 0, 28, 0, 0, 0, 0, 0, 0, 20]"
625,Agente Cooperativo Copia,"[0, 0, 0, 0, 0, 0, 19, 0, 0, 0, 0, 0, 0, 29]"
626,Agente Cooperativo Copia,"[0, 0, 0, 0, 0, 0, 11, 0, 0, 0, 0, 0, 0, 37]"
627,Agente Cooperativo Copia,"[0, 0, 0, 0, 0, 0, 16, 0, 0, 0, 0, 0, 0, 32]"
628,Agente Cooperativo Original,"[0, 0, 0, 0, 0, 0, 29, 0, 0, 0, 0, 0, 0, 19]"
629,Agente Cooperativo Copia,"[0, 0, 0, 0, 0, 0, 15, 0, 0, 0, 0, 0, 0, 33]"
630,Agente Cooperativo Original,"[0, 0, 0, 0, 0, 0, 27, 0, 0, 0, 0, 0, 0, 21]"
631,Agente Cooperativo Copia,"[0, 0, 0, 0, 0, 0, 7, 0, 0, 0, 0, 0, 0, 41]"
632,Agente Cooperativo Copia,"[0, 0, 0, 0, 0, 0, 23, 0, 0, 0, 0, 0, 0, 25]"
633,Empate,"[0, 0, 0, 0, 0, 0, 24, 0, 0, 0, 0, 0, 0, 24]"
634,Agente Cooperativo Original,"[0, 0, 0, 0, 0, 0, 29, 0, 0, 0, 0, 0, 0, 19]"
635,Agente Cooperativo Original,"[0, 0, 0, 0, 0, 0, 38, 0, 0, 0, 0, 0, 0, 10]"
636,Agente Cooperativo Copia,"[0, 0, 0, 0, 0, 0, 23, 0, 0, 0, 0, 0, 0, 25]"
637,Agente Cooperativo Original,"[0, 0, 0, 0, 0, 0, 27, 0, 0, 0, 0, 0, 0, 21]"
638,Agente Cooperativo Copia,"[0, 0, 0, 0, 0, 0, 17, 0, 0, 0, 0, 0, 0, 31]"
639,Agente Cooperativo Original,"[0, 0, 0, 0, 0, 0, 34, 0, 0, 0, 0, 0, 0, 14]"
640,Agente Cooperativo Original,"[0, 0, 0, 0, 0, 0, 30, 0, 0, 0, 0, 0, 0, 18]"
641,Agente Cooperativo Original,"[0, 0, 0, 0, 0, 0, 33, 0, 0, 0, 0, 0, 0, 15]"
642,Agente Cooperativo Copia,"[0, 0, 0, 0, 0, 0, 23, 0, 0, 0, 0, 0, 0, 25]"
643,Agente Cooperativo Copia,"[0, 0, 0, 0, 0, 0, 17, 0, 0, 0, 0, 0, 0, 31]"
644,Agente Cooperativo Copia,"[0, 0, 0, 0, 0, 0, 12, 0, 0, 0, 0, 0, 0, 36]"
645,Agente Cooperativo Original,"[0, 0, 0, 0, 0, 0, 33, 0, 0, 0, 0, 0, 0, 15]"
646,Agente Cooperativo Copia,"[0, 0, 0, 0, 0, 0, 16, 0, 0, 0, 0, 0, 0, 32]"
647,Agente Cooperativo Original,"[0, 0, 0, 0, 0, 0, 30, 0, 0, 0, 0, 0, 0, 18]"
648,Agente Cooperativo Copia,"[0, 0, 0, 0, 0, 0, 14, 0, 0, 0, 0, 0, 0, 34]"
649,Agente Cooperativo Copia,"[0, 0, 0, 0, 0, 0, 20, 0, 0, 0, 0, 0, 0, 28]"
650,Agente Cooperativo Copia,"[0, 0, 0, 0, 0, 0, 14, 0, 0, 0, 0, 0, 0, 34]"
651,Agente Cooperativo Original,"[0, 0, 0, 0, 0, 0, 37, 0, 0, 0, 0, 0, 0, 11]"
652,Agente Cooperativo Original,"[0, 0, 0, 0, 0, 0, 36, 0, 0, 0, 0, 0, 0, 12]"
653,Agente Cooperativo Original,"[0, 0, 0, 0, 0, 0, 25, 0, 0, 0, 0, 0, 0, 23]"
654,Agente Cooperativo Copia,"[0, 0, 0, 0, 0, 0, 12, 0, 0, 0, 0, 0, 0, 36]"
655,Agente Cooperativo Original,"[0, 0, 0, 0, 0, 0, 38, 0, 0, 0, 0, 0, 0, 10]"
656,Agente Cooperativo Copia,"[0, 0, 0, 0, 0, 0, 21, 0, 0, 0, 0, 0, 0, 27]"
657,Agente Cooperativo Copia,"[0, 0, 0, 0, 0, 0, 23, 0, 0, 0, 0, 0, 0, 25]"
658,Agente Cooperativo Original,"[0, 0, 0, 0, 0, 0, 35, 0, 0, 0, 0, 0, 0, 13]"
659,Agente Cooperativo Copia,"[0, 0, 0, 0, 0, 0, 22, 0, 0, 0, 0, 0, 0, 26]"
660,Agente Cooperativo Original,"[0, 0, 0, 0, 0, 0, 42, 0, 0, 0, 0, 0, 0, 6]"
661,Agente Cooperativo Copia,"[0, 0, 0, 0, 0, 0, 18, 0, 0, 0, 0, 0, 0, 30]"
662,Agente Cooperativo Copia,"[0, 0, 0, 0, 0, 0, 22, 0, 0, 0, 0, 0, 0, 26]"
663,Agente Cooperativo Original,"[0, 0, 0, 0, 0, 0, 35, 0, 0, 0, 0, 0, 0, 13]"
664,Agente Cooperativo Copia,"[0, 0, 0, 0, 0, 0, 17, 0, 0, 0, 0, 0, 0, 31]"
665,Agente Cooperativo Original,"[0, 0, 0, 0, 0, 0, 31, 0, 0, 0, 0, 0, 0, 17]"
666,Agente Cooperativo Copia,"[0, 0, 0, 0, 0, 0, 18, 0, 0, 0, 0, 0, 0, 30]"
667,Agente Cooperativo Original,"[0, 0, 0, 0, 0, 0, 32, 0, 0, 0, 0, 0, 0, 16]"
668,Agente Cooperativo Original,"[0, 0, 0, 0, 0, 0, 32, 0, 0, 0, 0, 0, 0, 16]"
669,Agente Cooperativo Copia,"[0, 0, 0, 0, 0, 0, 18, 0, 0, 0, 0, 0, 0, 30]"
670,Agente Cooperativo Original,"[0, 0, 0, 0, 0, 0, 32, 0, 0, 0, 0, 0, 0, 16]"
671,Agente Cooperativo Copia,"[0, 0, 0, 0, 0, 0, 19, 0, 0, 0, 0, 0, 0, 29]"
672,Agente Cooperativo Original,"[0, 0, 0, 0, 0, 0, 28, 0, 0, 0, 0, 0, 0, 20]"
673,Agente Cooperativo Copia,"[0, 0, 0, 0, 0, 0, 18, 0, 0, 0, 0, 0, 0, 30]"
674,Agente Cooperativo Original,"[0, 0, 0, 0, 0, 0, 31, 0, 0, 0, 0, 0, 0, 17]"
675,Agente Cooperativo Copia,"[0, 0, 0, 0, 0, 0, 23, 0, 0, 0, 0, 0, 0, 25]"
676,Agente Cooperativo Original,"[0, 0, 0, 0, 0, 0, 29, 0, 0, 0, 0, 0, 0, 19]"
677,Agente Cooperativo Copia,"[0, 0, 0, 0, 0, 0, 20, 0, 0, 0, 0, 0, 0, 28]"
678,Agente Cooperativo Copia,"[0, 0, 0, 0, 0, 0, 23, 0, 0, 0, 0, 0, 0, 25]"
679,Empate,"[0, 0, 0, 0, 0, 0, 24, 0, 0, 0, 0, 0, 0, 24]"
680,Agente Cooperativo Copia,"[0, 0, 0, 0, 0, 0, 20, 0, 0, 0, 0, 0, 0, 28]"
681,Agente Cooperativo Copia,"[0, 0, 0, 0, 0, 0, 15, 0, 0, 0, 0, 0, 0, 33]"
682,Agente Cooperativo Original,"[0, 0, 0, 0, 0, 0, 35, 0, 0, 0, 0, 0, 0, 13]"
683,Empate,"[0, 0, 0, 0, 0, 0, 24, 0, 0, 0, 0, 0, 0, 24]"
684,Agente Cooperativo Original,"[0, 0, 0, 0, 0, 0, 34, 0, 0, 0, 0, 0, 0, 14]"
685,Agente Cooperativo Copia,"[0, 0, 0, 0, 0, 0, 16, 0, 0, 0, 0, 0, 0, 32]"
686,Agente Cooperativo Original,"[0, 0, 0, 0, 0, 0, 34, 0, 0, 0, 0, 0, 0, 14]"
687,Agente Cooperativo Copia,"[0, 0, 0, 0, 0, 0, 22, 0, 0, 0, 0, 0, 0, 26]"
688,Agente Cooperativo Copia,"[0, 0, 0, 0, 0, 0, 10, 0, 0, 0, 0, 0, 0, 38]"
689,Agente Cooperativo Original,"[0, 0, 0, 0, 0, 0, 36, 0, 0, 0, 0, 0, 0, 12]"
690,Agente Cooperativo Original,"[0, 0, 0, 0, 0, 0, 31, 0, 0, 0, 0, 0, 0, 17]"
691,Agente Cooperativo Copia,"[0, 0, 0, 0, 0, 0, 19, 0, 0, 0, 0, 0, 0, 29]"
692,Agente Cooperativo Copia,"[0, 0, 0, 0, 0, 0, 23, 0, 0, 0, 0, 0, 0, 25]"
693,Agente Cooperativo Copia,"[0, 0, 0, 0, 0, 0, 17, 0, 0, 0, 0, 0, 0, 31]"
694,Agente Cooperativo Original,"[0, 0, 0, 0, 0, 0, 27, 0, 0, 0, 0, 0, 0, 21]"
695,Agente Cooperativo Copia,"[0, 0, 0, 0, 0, 0, 22, 0, 0, 0, 0, 0, 0, 26]"
696,Agente Cooperativo Original,"[0, 0, 0, 0, 0, 0, 30, 0, 0, 0, 0, 0, 0, 18]"
697,Agente Cooperativo Original,"[0, 0, 0, 0, 0, 0, 32, 0, 0, 0, 0, 0, 0, 16]"
698,Agente Cooperativo Original,"[0, 0, 0, 0, 0, 0, 30, 0, 0, 0, 0, 0, 0, 18]"
699,Agente Cooperativo Copia,"[0, 0, 0, 0, 0, 0, 20, 0, 0, 0, 0, 0, 0, 28]"
700,Agente Cooperativo Original,"[0, 0, 0, 0, 0, 0, 27, 0, 0, 0, 0, 0, 0, 21]"
701,Agente Cooperativo Original,"[0, 0, 0, 0, 0, 0, 25, 0, 0, 0, 0, 0, 0, 23]"
702,Agente Cooperativo Original,"[0, 0, 0, 0, 0, 0, 36, 0, 0, 0, 0, 0, 0, 12]"
703,Agente Cooperativo Original,"[0, 0, 0, 0, 0, 0, 32, 0, 0, 0, 0, 0, 0, 16]"
704,Agente Cooperativo Original,"[0, 0, 0, 0, 0, 0, 33, 0, 0, 0, 0, 0, 0, 15]"
705,Agente Cooperativo Original,"[0, 0, 0, 0, 0, 0, 27, 0, 0, 0, 0, 0, 0, 21]"
706,Agente Cooperativo Copia,"[0, 0, 0, 0, 0, 0, 16, 0, 0, 0, 0, 0, 0, 32]"
707,Agente Cooperativo Original,"[0, 0, 0, 0, 0, 0, 32, 0, 0, 0, 0, 0, 0, 16]"
708,Agente Cooperativo Original,"[0, 0, 0, 0, 0, 0, 26, 0, 0, 0, 0, 0, 0, 22]"
709,Agente Cooperativo Original,"[0, 0, 0, 0, 0, 0, 26, 0, 0, 0, 0, 0, 0, 22]"
710,Agente Cooperativo Copia,"[0, 0, 0, 0, 0, 0, 11, 0, 0, 0, 0, 0, 0, 37]"
711,Agente Cooperativo Original,"[0, 0, 0, 0, 0, 0, 25, 0, 0, 0, 0, 0, 0, 23]"
712,Agente Cooperativo Original,"[0, 0, 0, 0, 0, 0, 29, 0, 0, 0, 0, 0, 0, 19]"
713,Agente Cooperativo Copia,"[0, 0, 0, 0, 0, 0, 20, 0, 0, 0, 0, 0, 0, 28]"
714,Agente Cooperativo Copia,"[0, 0, 0, 0, 0, 0, 21, 0, 0, 0, 0, 0, 0, 27]"
715,Agente Cooperativo Original,"[0, 0, 0, 0, 0, 0, 37, 0, 0, 0, 0, 0, 0, 11]"
716,Agente Cooperativo Copia,"[0, 0, 0, 0, 0, 0, 22, 0, 0, 0, 0, 0, 0, 26]"
717,Agente Cooperativo Copia,"[0, 0, 0, 0, 0, 0, 22, 0, 0, 0, 0, 0, 0, 26]"
718,Agente Cooperativo Original,"[0, 0, 0, 0, 0, 0, 29, 0, 0, 0, 0, 0, 0, 19]"
719,Agente Cooperativo Copia,"[0, 0, 0, 0, 0, 0, 23, 0, 0, 0, 0, 0, 0, 25]"
720,Agente Cooperativo Original,"[0, 0, 0, 0, 0, 0, 40, 0, 0, 0, 0, 0, 0, 8]"
721,Agente Cooperativo Copia,"[0, 0, 0, 0, 0, 0, 20, 0, 0, 0, 0, 0, 0, 28]"
722,Agente Cooperativo Original,"[0, 0, 0, 0, 0, 0, 36, 0, 0, 0, 0, 0, 0, 12]"
723,Agente Cooperativo Original,"[0, 0, 0, 0, 0, 0, 35, 0, 0, 0, 0, 0, 0, 13]"
724,Agente Cooperativo Copia,"[0, 0, 0, 0, 0, 0, 23, 0, 0, 0, 0, 0, 0, 25]"
725,Agente Cooperativo Copia,"[0, 0, 0, 0, 0, 0, 12, 0, 0, 0, 0, 0, 0, 36]"
726,Agente Cooperativo Original,"[0, 0, 0, 0, 0, 0, 26, 0, 0, 0, 0, 0, 0, 22]"
727,Agente Cooperativo Copia,"[0, 0, 0, 0, 0, 0, 17, 0, 0, 0, 0, 0, 0, 31]"
728,Agente Cooperativo Copia,"[0, 0, 0, 0, 0, 0, 16, 0, 0, 0, 0, 0, 0, 32]"
729,Agente Cooperativo Original,"[0, 0, 0, 0, 0, 0, 29, 0, 0, 0, 0, 0, 0, 19]"
730,Agente Cooperativo Original,"[0, 0, 0, 0, 0, 0, 31, 0, 0, 0, 0, 0, 0, 17]"
731,Agente Cooperativo Original,"[0, 0, 0, 0, 0, 0, 28, 0, 0, 0, 0, 0, 0, 20]"
732,Agente Cooperativo Original,"[0, 0, 0, 0, 0, 0, 34, 0, 0, 0, 0, 0, 0, 14]"
733,Agente Cooperativo Copia,"[0, 0, 0, 0, 0, 0, 21, 0, 0, 0, 0, 0, 0, 27]"
734,Agente Cooperativo Original,"[0, 0, 0, 0, 0, 0, 27, 0, 0, 0, 0, 0, 0, 21]"
735,Agente Cooperativo Original,"[0, 0, 0, 0, 0, 0, 35, 0, 0, 0, 0, 0, 0, 13]"
736,Agente Cooperativo Original,"[0, 0, 0, 0, 0, 0, 26, 0, 0, 0, 0, 0, 0, 22]"
737,Agente Cooperativo Original,"[0, 0, 0, 0, 0, 0, 27, 0, 0, 0, 0, 0, 0, 21]"
738,Agente Cooperativo Copia,"[0, 0, 0, 0, 0, 0, 16, 0, 0, 0, 0, 0, 0, 32]"
739,Agente Cooperativo Copia,"[0, 0, 0, 0, 0, 0, 17, 0, 0, 0, 0, 0, 0, 31]"
740,Agente Cooperativo Copia,"[0, 0, 0, 0, 0, 0, 14, 0, 0, 0, 0, 0, 0, 34]"
741,Agente Cooperativo Original,"[0, 0, 0, 0, 0, 0, 33, 0, 0, 0, 0, 0, 0, 15]"
742,Agente Cooperativo Original,"[0, 0, 0, 0, 0, 0, 31, 0, 0, 0, 0, 0, 0, 17]"
743,Agente Cooperativo Original,"[0, 0, 0, 0, 0, 0, 39, 0, 0, 0, 0, 0, 0, 9]"
744,Agente Cooperativo Original,"[0, 0, 0, 0, 0, 0, 34, 0, 0, 0, 0, 0, 0, 14]"
745,Agente Cooperativo Copia,"[0, 0, 0, 0, 0, 0, 20, 0, 0, 0, 0, 0, 0, 28]"
746,Agente Cooperativo Original,"[0, 0, 0, 0, 0, 0, 31, 0, 0, 0, 0, 0, 0, 17]"
747,Agente Cooperativo Original,"[0, 0, 0, 0, 0, 0, 32, 0, 0, 0, 0, 0, 0, 16]"
748,Agente Cooperativo Original,"[0, 0, 0, 0, 0, 0, 36, 0, 0, 0, 0, 0, 0, 12]"
749,Agente Cooperativo Copia,"[0, 0, 0, 0, 0, 0, 17, 0, 0, 0, 0, 0, 0, 31]"
750,Agente Cooperativo Original,"[0, 0, 0, 0, 0, 0, 27, 0, 0, 0, 0, 0, 0, 21]"
751,Agente Cooperativo Original,"[0, 0, 0, 0, 0, 0, 27, 0, 0, 0, 0, 0, 0, 21]"
752,Agente Cooperativo Copia,"[0, 0, 0, 0, 0, 0, 11, 0, 0, 0, 0, 0, 0, 37]"
753,Agente Cooperativo Original,"[0, 0, 0, 0, 0, 0, 35, 0, 0, 0, 0, 0, 0, 13]"
754,Agente Cooperativo Copia,"[0, 0, 0, 0, 0, 0, 11, 0, 0, 0, 0, 0, 0, 37]"
755,Agente Cooperativo Copia,"[0, 0, 0, 0, 0, 0, 12, 0, 0, 0, 0, 0, 0, 36]"
756,Agente Cooperativo Original,"[0, 0, 0, 0, 0, 0, 30, 0, 0, 0, 0, 0, 0, 18]"
757,Agente Cooperativo Original,"[0, 0, 0, 0, 0, 0, 30, 0, 0, 0, 0, 0, 0, 18]"
758,Agente Cooperativo Copia,"[0, 0, 0, 0, 0, 0, 13, 0, 0, 0, 0, 0, 0, 35]"
759,Agente Cooperativo Copia,"[0, 0, 0, 0, 0, 0, 16, 0, 0, 0, 0, 0, 0, 32]"
760,Agente Cooperativo Copia,"[0, 0, 0, 0, 0, 0, 12, 0, 0, 0, 0, 0, 0, 36]"
761,Agente Cooperativo Copia,"[0, 0, 0, 0, 0, 0, 17, 0, 0, 0, 0, 0, 0, 31]"
762,Agente Cooperativo Copia,"[0, 0, 0, 0, 0, 0, 21, 0, 0, 0, 0, 0, 0, 27]"
763,Agente Cooperativo Original,"[0, 0, 0, 0, 0, 0, 31, 0, 0, 0, 0, 0, 0, 17]"
764,Agente Cooperativo Copia,"[0, 0, 0, 0, 0, 0, 10, 0, 0, 0, 0, 0, 0, 38]"
765,Agente Cooperativo Original,"[0, 0, 0, 0, 0, 0, 42, 0, 0, 0, 0, 0, 0, 6]"
766,Agente Cooperativo Original,"[0, 0, 0, 0, 0, 0, 27, 0, 0, 0, 0, 0, 0, 21]"
767,Agente Cooperativo Original,"[0, 0, 0, 0, 0, 0, 25, 0, 0, 0, 0, 0, 0, 23]"
768,Agente Cooperativo Copia,"[0, 0, 0, 0, 0, 0, 7, 0, 0, 0, 0, 0, 0, 41]"
769,Agente Cooperativo Original,"[0, 0, 0, 0, 0, 0, 31, 0, 0, 0, 0, 0, 0, 17]"
770,Agente Cooperativo Copia,"[0, 0, 0, 0, 0, 0, 22, 0, 0, 0, 0, 0, 0, 26]"
771,Empate,"[0, 0, 0, 0, 0, 0, 24, 0, 0, 0, 0, 0, 0, 24]"
772,Agente Cooperativo Copia,"[0, 0, 0, 0, 0, 0, 12, 0, 0, 0, 0, 0, 0, 36]"
773,Agente Cooperativo Copia,"[0, 0, 0, 0, 0, 0, 15, 0, 0, 0, 0, 0, 0, 33]"
774,Agente Cooperativo Original,"[0, 0, 0, 0, 0, 0, 29, 0, 0, 0, 0, 0, 0, 19]"
775,Agente Cooperativo Original,"[0, 0, 0, 0, 0, 0, 39, 0, 0, 0, 0, 0, 0, 9]"
776,Agente Cooperativo Copia,"[0, 0, 0, 0, 0, 0, 21, 0, 0, 0, 0, 0, 0, 27]"
777,Agente Cooperativo Original,"[0, 0, 0, 0, 0, 0, 34, 0, 0, 0, 0, 0, 0, 14]"
778,Agente Cooperativo Original,"[0, 0, 0, 0, 0, 0, 30, 0, 0, 0, 0, 0, 0, 18]"
779,Agente Cooperativo Original,"[0, 0, 0, 0, 0, 0, 31, 0, 0, 0, 0, 0, 0, 17]"
780,Agente Cooperativo Original,"[0, 0, 0, 0, 0, 0, 29, 0, 0, 0, 0, 0, 0, 19]"
781,Agente Cooperativo Copia,"[0, 0, 0, 0, 0, 0, 21, 0, 0, 0, 0, 0, 0, 27]"
782,Agente Cooperativo Copia,"[0, 0, 0, 0, 0, 0, 11, 0, 0, 0, 0, 0, 0, 37]"
783,Agente Cooperativo Original,"[0, 0, 0, 0, 0, 0, 39, 0, 0, 0, 0, 0, 0, 9]"
784,Agente Cooperativo Copia,"[0, 0, 0, 0, 0, 0, 19, 0, 0, 0, 0, 0, 0, 29]"
785,Agente Cooperativo Original,"[0, 0, 0, 0, 0, 0, 35, 0, 0, 0, 0, 0, 0, 13]"
786,Agente Cooperativo Copia,"[0, 0, 0, 0, 0, 0, 10, 0, 0, 0, 0, 0, 0, 38]"
787,Empate,"[0, 0, 0, 0, 0, 0, 24, 0, 0, 0, 0, 0, 0, 24]"
788,Agente Cooperativo Original,"[0, 0, 0, 0, 0, 0, 30, 0, 0, 0, 0, 0, 0, 18]"
789,Agente Cooperativo Original,"[0, 0, 0, 0, 0, 0, 26, 0, 0, 0, 0, 0, 0, 22]"
790,Agente Cooperativo Original,"[0, 0, 0, 0, 0, 0, 38, 0, 0, 0, 0, 0, 0, 10]"
791,Agente Cooperativo Original,"[0, 0, 0, 0, 0, 0, 31, 0, 0, 0, 0, 0, 0, 17]"
792,Agente Cooperativo Original,"[0, 0, 0, 0, 0, 0, 29, 0, 0, 0, 0, 0, 0, 19]"
793,Agente Cooperativo Original,"[0, 0, 0, 0, 0, 0, 33, 0, 0, 0, 0, 0, 0, 15]"
794,Agente Cooperativo Original,"[0, 0, 0, 0, 0, 0, 27, 0, 0, 0, 0, 0, 0, 21]"
795,Agente Cooperativo Copia,"[0, 0, 0, 0, 0, 0, 19, 0, 0, 0, 0, 0, 0, 29]"
796,Agente Cooperativo Original,"[0, 0, 0, 0, 0, 0, 25, 0, 0, 0, 0, 0, 0, 23]"
797,Agente Cooperativo Copia,"[0, 0, 0, 0, 0, 0, 20, 0, 0, 0, 0, 0, 0, 28]"
798,Agente Cooperativo Original,"[0, 0, 0, 0, 0, 0, 26, 0, 0, 0, 0, 0, 0, 22]"
799,Agente Cooperativo Copia,"[0, 0, 0, 0, 0, 0, 21, 0, 0, 0, 0, 0, 0, 27]"
800,Agente Cooperativo Copia,"[0, 0, 0, 0, 0, 0, 19, 0, 0, 0, 0, 0, 0, 29]"
801,Agente Cooperativo Copia,"[0, 0, 0, 0, 0, 0, 20, 0, 0, 0, 0, 0, 0, 28]"
802,Agente Cooperativo Copia,"[0, 0, 0, 0, 0, 0, 12, 0, 0, 0, 0, 0, 0, 36]"
803,Agente Cooperativo Copia,"[0, 0, 0, 0, 0, 0, 22, 0, 0, 0, 0, 0, 0, 26]"
804,Agente Cooperativo Copia,"[0, 0, 0, 0, 0, 0, 17, 0, 0, 0, 0, 0, 0, 31]"
805,Agente Cooperativo Original,"[0, 0, 0, 0, 0, 0, 32, 0, 0, 0, 0, 0, 0, 16]"
806,Agente Cooperativo Original,"[0, 0, 0, 0, 0, 0, 29, 0, 0, 0, 0, 0, 0, 19]"
807,Agente Cooperativo Original,"[0, 0, 0, 0, 0, 0, 33, 0, 0, 0, 0, 0, 0, 15]"
808,Agente Cooperativo Copia,"[0, 0, 0, 0, 0, 0, 16, 0, 0, 0, 0, 0, 0, 32]"
809,Agente Cooperativo Copia,"[0, 0, 0, 0, 0, 0, 22, 0, 0, 0, 0, 0, 0, 26]"
810,Agente Cooperativo Original,"[0, 0, 0, 0, 0, 0, 41, 0, 0, 0, 0, 0, 0, 7]"
811,Agente Cooperativo Copia,"[0, 0, 0, 0, 0, 0, 20, 0, 0, 0, 0, 0, 0, 28]"
812,Agente Cooperativo Copia,"[0, 0, 0, 0, 0, 0, 17, 0, 0, 0, 0, 0, 0, 31]"
813,Agente Cooperativo Copia,"[0, 0, 0, 0, 0, 0, 12, 0, 0, 0, 0, 0, 0, 36]"
814,Agente Cooperativo Original,"[0, 0, 0, 0, 0, 0, 33, 0, 0, 0, 0, 0, 0, 15]"
815,Agente Cooperativo Original,"[0, 0, 0, 0, 0, 0, 26, 0, 0, 0, 0, 0, 0, 22]"
816,Agente Cooperativo Copia,"[0, 0, 0, 0, 0, 0, 12, 0, 0, 0, 0, 0, 0, 36]"
817,Agente Cooperativo Original,"[0, 0, 0, 0, 0, 0, 27, 0, 0, 0, 0, 0, 0, 21]"
818,Agente Cooperativo Copia,"[0, 0, 0, 0, 0, 0, 20, 0, 0, 0, 0, 0, 0, 28]"
819,Agente Cooperativo Original,"[0, 0, 0, 0, 0, 0, 33, 0, 0, 0, 0, 0, 0, 15]"
820,Agente Cooperativo Copia,"[0, 0, 0, 0, 0, 0, 15, 0, 0, 0, 0, 0, 0, 33]"
821,Agente Cooperativo Original,"[0, 0, 0, 0, 0, 0, 40, 0, 0, 0, 0, 0, 0, 8]"
822,Agente Cooperativo Original,"[0, 0, 0, 0, 0, 0, 32, 0, 0, 0, 0, 0, 0, 16]"
823,Agente Cooperativo Copia,"[0, 0, 0, 0, 0, 0, 16, 0, 0, 0, 0, 0, 0, 32]"
824,Agente Cooperativo Original,"[0, 0, 0, 0, 0, 0, 25, 0, 0, 0, 0, 0, 0, 23]"
825,Agente Cooperativo Copia,"[0, 0, 0, 0, 0, 0, 15, 0, 0, 0, 0, 0, 0, 33]"
826,Agente Cooperativo Copia,"[0, 0, 0, 0, 0, 0, 21, 0, 0, 0, 0, 0, 0, 27]"
827,Agente Cooperativo Original,"[0, 0, 0, 0, 0, 0, 30, 0, 0, 0, 0, 0, 0, 18]"
828,Agente Cooperativo Original,"[0, 0, 0, 0, 0, 0, 34, 0, 0, 0, 0, 0, 0, 14]"
829,Agente Cooperativo Copia,"[0, 0, 0, 0, 0, 0, 18, 0, 0, 0, 0, 0, 0, 30]"
830,Agente Cooperativo Original,"[0, 0, 0, 0, 0, 0, 28, 0, 0, 0, 0, 0, 0, 20]"
831,Agente Cooperativo Copia,"[0, 0, 0, 0, 0, 0, 20, 0, 0, 0, 0, 0, 0, 28]"
832,Agente Cooperativo Copia,"[0, 0, 0, 0, 0, 0, 22, 0, 0, 0, 0, 0, 0, 26]"
833,Agente Cooperativo Original,"[0, 0, 0, 0, 0, 0, 26, 0, 0, 0, 0, 0, 0, 22]"
834,Agente Cooperativo Original,"[0, 0, 0, 0, 0, 0, 25, 0, 0, 0, 0, 0, 0, 23]"
835,Empate,"[0, 0, 0, 0, 0, 0, 24, 0, 0, 0, 0, 0, 0, 24]"
836,Agente Cooperativo Copia,"[0, 0, 0, 0, 0, 0, 22, 0, 0, 0, 0, 0, 0, 26]"
837,Agente Cooperativo Original,"[0, 0, 0, 0, 0, 0, 40, 0, 0, 0, 0, 0, 0, 8]"
838,Agente Cooperativo Original,"[0, 0, 0, 0, 0, 0, 31, 0, 0, 0, 0, 0, 0, 17]"
839,Agente Cooperativo Copia,"[0, 0, 0, 0, 0, 0, 12, 0, 0, 0, 0, 0, 0, 36]"
840,Agente Cooperativo Copia,"[0, 0, 0, 0, 0, 0, 17, 0, 0, 0, 0, 0, 0, 31]"
841,Agente Cooperativo Original,"[0, 0, 0, 0, 0, 0, 29, 0, 0, 0, 0, 0, 0, 19]"
842,Agente Cooperativo Original,"[0, 0, 0, 0, 0, 0, 41, 0, 0, 0, 0, 0, 0, 7]"
843,Empate,"[0, 0, 0, 0, 0, 0, 24, 0, 0, 0, 0, 0, 0, 24]"
844,Agente Cooperativo Copia,"[0, 0, 0, 0, 0, 0, 10, 0, 0, 0, 0, 0, 0, 38]"
845,Agente Cooperativo Original,"[0, 0, 0, 0, 0, 0, 28, 0, 0, 0, 0, 0, 0, 20]"
846,Agente Cooperativo Copia,"[0, 0, 0, 0, 0, 0, 22, 0, 0, 0, 0, 0, 0, 26]"
847,Agente Cooperativo Copia,"[0, 0, 0, 0, 0, 0, 14, 0, 0, 0, 0, 0, 0, 34]"
848,Empate,"[0, 0, 0, 0, 0, 0, 24, 0, 0, 0, 0, 0, 0, 24]"
849,Agente Cooperativo Copia,"[0, 0, 0, 0, 0, 0, 22, 0, 0, 0, 0, 0, 0, 26]"
850,Empate,"[0, 0, 0, 0, 0, 0, 24, 0, 0, 0, 0, 0, 0, 24]"
851,Agente Cooperativo Copia,"[0, 0, 0, 0, 0, 0, 20, 0, 0, 0, 0, 0, 0, 28]"
852,Agente Cooperativo Copia,"[0, 0, 0, 0, 0, 0, 9, 0, 0, 0, 0, 0, 0, 39]"
853,Agente Cooperativo Copia,"[0, 0, 0, 0, 0, 0, 4, 0, 0, 0, 0, 0, 0, 44]"
854,Agente Cooperativo Copia,"[0, 0, 0, 0, 0, 0, 18, 0, 0, 0, 0, 0, 0, 30]"
855,Empate,"[0, 0, 0, 0, 0, 0, 24, 0, 0, 0, 0, 0, 0, 24]"
856,Agente Cooperativo Copia,"[0, 0, 0, 0, 0, 0, 19, 0, 0, 0, 0, 0, 0, 29]"
857,Agente Cooperativo Copia,"[0, 0, 0, 0, 0, 0, 9, 0, 0, 0, 0, 0, 0, 39]"
858,Agente Cooperativo Original,"[0, 0, 0, 0, 0, 0, 39, 0, 0, 0, 0, 0, 0, 9]"
859,Empate,"[0, 0, 0, 0, 0, 0, 24, 0, 0, 0, 0, 0, 0, 24]"
860,Agente Cooperativo Original,"[0, 0, 0, 0, 0, 0, 34, 0, 0, 0, 0, 0, 0, 14]"
861,Agente Cooperativo Original,"[0, 0, 0, 0, 0, 0, 33, 0, 0, 0, 0, 0, 0, 15]"
862,Agente Cooperativo Original,"[0, 0, 0, 0, 0, 0, 28, 0, 0, 0, 0, 0, 0, 20]"
863,Agente Cooperativo Copia,"[0, 0, 0, 0, 0, 0, 19, 0, 0, 0, 0, 0, 0, 29]"
864,Agente Cooperativo Original,"[0, 0, 0, 0, 0, 0, 30, 0, 0, 0, 0, 0, 0, 18]"
865,Agente Cooperativo Copia,"[0, 0, 0, 0, 0, 0, 14, 0, 0, 0, 0, 0, 0, 34]"
866,Agente Cooperativo Copia,"[0, 0, 0, 0, 0, 0, 12, 0, 0, 0, 0, 0, 0, 36]"
867,Agente Cooperativo Original,"[0, 0, 0, 0, 0, 0, 25, 0, 0, 0, 0, 0, 0, 23]"
868,Agente Cooperativo Copia,"[0, 0, 0, 0, 0, 0, 22, 0, 0, 0, 0, 0, 0, 26]"
869,Agente Cooperativo Original,"[0, 0, 0, 0, 0, 0, 29, 0, 0, 0, 0, 0, 0, 19]"
870,Agente Cooperativo Original,"[0, 0, 0, 0, 0, 0, 26, 0, 0, 0, 0, 0, 0, 22]"
871,Agente Cooperativo Copia,"[0, 0, 0, 0, 0, 0, 15, 0, 0, 0, 0, 0, 0, 33]"
872,Agente Cooperativo Copia,"[0, 0, 0, 0, 0, 0, 15, 0, 0, 0, 0, 0, 0, 33]"
873,Agente Cooperativo Original,"[0, 0, 0, 0, 0, 0, 32, 0, 0, 0, 0, 0, 0, 16]"
874,Agente Cooperativo Original,"[0, 0, 0, 0, 0, 0, 25, 0, 0, 0, 0, 0, 0, 23]"
875,Agente Cooperativo Copia,"[0, 0, 0, 0, 0, 0, 12, 0, 0, 0, 0, 0, 0, 36]"
876,Agente Cooperativo Copia,"[0, 0, 0, 0, 0, 0, 13, 0, 0, 0, 0, 0, 0, 35]"
877,Agente Cooperativo Original,"[0, 0, 0, 0, 0, 0, 28, 0, 0, 0, 0, 0, 0, 20]"
878,Agente Cooperativo Original,"[0, 0, 0, 0, 0, 0, 29, 0, 0, 0, 0, 0, 0, 19]"
879,Agente Cooperativo Copia,"[0, 0, 0, 0, 0, 0, 18, 0, 0, 0, 0, 0, 0, 30]"
880,Agente Cooperativo Copia,"[0, 0, 0, 0, 0, 0, 17, 0, 0, 0, 0, 0, 0, 31]"
881,Agente Cooperativo Copia,"[0, 0, 0, 0, 0, 0, 15, 0, 0, 0, 0, 0, 0, 33]"
882,Agente Cooperativo Original,"[0, 0, 0, 0, 0, 0, 28, 0, 0, 0, 0, 0, 0, 20]"
883,Agente Cooperativo Original,"[0, 0, 0, 0, 0, 0, 38, 0, 0, 0, 0, 0, 0, 10]"
884,Agente Cooperativo Original,"[0, 0, 0, 0, 0, 0, 40, 0, 0, 0, 0, 0, 0, 8]"
885,Agente Cooperativo Original,"[0, 0, 0, 0, 0, 0, 31, 0, 0, 0, 0, 0, 0, 17]"
886,Agente Cooperativo Copia,"[0, 0, 0, 0, 0, 0, 20, 0, 0, 0, 0, 0, 0, 28]"
887,Agente Cooperativo Original,"[0, 0, 0, 0, 0, 0, 28, 0, 0, 0, 0, 0, 0, 20]"
888,Agente Cooperativo Original,"[0, 0, 0, 0, 0, 0, 31, 0, 0, 0, 0, 0, 0, 17]"
889,Agente Cooperativo Copia,"[0, 0, 0, 0, 0, 0, 20, 0, 0, 0, 0, 0, 0, 28]"
890,Agente Cooperativo Copia,"[0, 0, 0, 0, 0, 0, 18, 0, 0, 0, 0, 0, 0, 30]"
891,Agente Cooperativo Original,"[0, 0, 0, 0, 0, 0, 34, 0, 0, 0, 0, 0, 0, 14]"
892,Agente Cooperativo Original,"[0, 0, 0, 0, 0, 0, 31, 0, 0, 0, 0, 0, 0, 17]"
893,Agente Cooperativo Copia,"[0, 0, 0, 0, 0, 0, 20, 0, 0, 0, 0, 0, 0, 28]"
894,Agente Cooperativo Original,"[0, 0, 0, 0, 0, 0, 30, 0, 0, 0, 0, 0, 0, 18]"
895,Agente Cooperativo Original,"[0, 0, 0, 0, 0, 0, 30, 0, 0, 0, 0, 0, 0, 18]"
896,Agente Cooperativo Original,"[0, 0, 0, 0, 0, 0, 29, 0, 0, 0, 0, 0, 0, 19]"
897,Agente Cooperativo Original,"[0, 0, 0, 0, 0, 0, 28, 0, 0, 0, 0, 0, 0, 20]"
898,Agente Cooperativo Original,"[0, 0, 0, 0, 0, 0, 29, 0, 0, 0, 0, 0, 0, 19]"
899,Agente Cooperativo Copia,"[0, 0, 0, 0, 0, 0, 21, 0, 0, 0, 0, 0, 0, 27]"
900,Empate,"[0, 0, 0, 0, 0, 0, 24, 0, 0, 0, 0, 0, 0, 24]"
901,Agente Cooperativo Copia,"[0, 0, 0, 0, 0, 0, 21, 0, 0, 0, 0, 0, 0, 27]"
902,Agente Cooperativo Copia,"[0, 0, 0, 0, 0, 0, 13, 0, 0, 0, 0, 0, 0, 35]"
903,Agente Cooperativo Original,"[0, 0, 0, 0, 0, 0, 30, 0, 0, 0, 0, 0, 0, 18]"
904,Agente Cooperativo Original,"[0, 0, 0, 0, 0, 0, 35, 0, 0, 0, 0, 0, 0, 13]"
905,Agente Cooperativo Copia,"[0, 0, 0, 0, 0, 0, 13, 0, 0, 0, 0, 0, 0, 35]"
906,Agente Cooperativo Copia,"[0, 0, 0, 0, 0, 0, 12, 0, 0, 0, 0, 0, 0, 36]"
907,Agente Cooperativo Original,"[0, 0, 0, 0, 0, 0, 35, 0, 0, 0, 0, 0, 0, 13]"
908,Empate,"[0, 0, 0, 0, 0, 0, 24, 0, 0, 0, 0, 0, 0, 24]"
909,Agente Cooperativo Original,"[0, 0, 0, 0, 0, 0, 30, 0, 0, 0, 0, 0, 0, 18]"
910,Agente Cooperativo Original,"[0, 0, 0, 0, 0, 0, 38, 0, 0, 0, 0, 0, 0, 10]"
911,Agente Cooperativo Copia,"[0, 0, 0, 0, 0, 0, 12, 0, 0, 0, 0, 0, 0, 36]"
912,Agente Cooperativo Copia,"[0, 0, 0, 0, 0, 0, 18, 0, 0, 0, 0, 0, 0, 30]"
913,Agente Cooperativo Copia,"[0, 0, 0, 0, 0, 0, 18, 0, 0, 0, 0, 0, 0, 30]"
914,Agente Cooperativo Copia,"[0, 0, 0, 0, 0, 0, 14, 0, 0, 0, 0, 0, 0, 34]"
915,Agente Cooperativo Original,"[0, 0, 0, 0, 0, 0, 26, 0, 0, 0, 0, 0, 0, 22]"
916,Agente Cooperativo Copia,"[0, 0, 0, 0, 0, 0, 16, 0, 0, 0, 0, 0, 0, 32]"
917,Agente Cooperativo Copia,"[0, 0, 0, 0, 0, 0, 12, 0, 0, 0, 0, 0, 0, 36]"
918,Agente Cooperativo Copia,"[0, 0, 0, 0, 0, 0, 21, 0, 0, 0, 0, 0, 0, 27]"
919,Agente Cooperativo Original,"[0, 0, 0, 0, 0, 0, 32, 0, 0, 0, 0, 0, 0, 16]"
920,Agente Cooperativo Copia,"[0, 0, 0, 0, 0, 0, 15, 0, 0, 0, 0, 0, 0, 33]"
921,Agente Cooperativo Original,"[0, 0, 0, 0, 0, 0, 36, 0, 0, 0, 0, 0, 0, 12]"
922,Agente Cooperativo Copia,"[0, 0, 0, 0, 0, 0, 8, 0, 0, 0, 0, 0, 0, 40]"
923,Agente Cooperativo Original,"[0, 0, 0, 0, 0, 0, 29, 0, 0, 0, 0, 0, 0, 19]"
924,Agente Cooperativo Copia,"[0, 0, 0, 0, 0, 0, 21, 0, 0, 0, 0, 0, 0, 27]"
925,Agente Cooperativo Original,"[0, 0, 0, 0, 0, 0, 38, 0, 0, 0, 0, 0, 0, 10]"
926,Agente Cooperativo Original,"[0, 0, 0, 0, 0, 0, 41, 0, 0, 0, 0, 0, 0, 7]"
927,Agente Cooperativo Copia,"[0, 0, 0, 0, 0, 0, 12, 0, 0, 0, 0, 0, 0, 36]"
928,Agente Cooperativo Original,"[0, 0, 0, 0, 0, 0, 40, 0, 0, 0, 0, 0, 0, 8]"
929,Agente Cooperativo Copia,"[0, 0, 0, 0, 0, 0, 15, 0, 0, 0, 0, 0, 0, 33]"
930,Agente Cooperativo Copia,"[0, 0, 0, 0, 0, 0, 23, 0, 0, 0, 0, 0, 0, 25]"
931,Agente Cooperativo Original,"[0, 0, 0, 0, 0, 0, 35, 0, 0, 0, 0, 0, 0, 13]"
932,Agente Cooperativo Copia,"[0, 0, 0, 0, 0, 0, 10, 0, 0, 0, 0, 0, 0, 38]"
933,Agente Cooperativo Original,"[0, 0, 0, 0, 0, 0, 25, 0, 0, 0, 0, 0, 0, 23]"
934,Agente Cooperativo Copia,"[0, 0, 0, 0, 0, 0, 16, 0, 0, 0, 0, 0, 0, 32]"
935,Agente Cooperativo Copia,"[0, 0, 0, 0, 0, 0, 19, 0, 0, 0, 0, 0, 0, 29]"
936,Agente Cooperativo Copia,"[0, 0, 0, 0, 0, 0, 21, 0, 0, 0, 0, 0, 0, 27]"
937,Agente Cooperativo Copia,"[0, 0, 0, 0, 0, 0, 20, 0, 0, 0, 0, 0, 0, 28]"
938,Agente Cooperativo Copia,"[0, 0, 0, 0, 0, 0, 23, 0, 0, 0, 0, 0, 0, 25]"
939,Agente Cooperativo Copia,"[0, 0, 0, 0, 0, 0, 12, 0, 0, 0, 0, 0, 0, 36]"
940,Empate,"[0, 0, 0, 0, 0, 0, 24, 0, 0, 0, 0, 0, 0, 24]"
941,Agente Cooperativo Original,"[0, 0, 0, 0, 0, 0, 35, 0, 0, 0, 0, 0, 0, 13]"
942,Agente Cooperativo Copia,"[0, 0, 0, 0, 0, 0, 12, 0, 0, 0, 0, 0, 0, 36]"
943,Agente Cooperativo Original,"[0, 0, 0, 0, 0, 0, 33, 0, 0, 0, 0, 0, 0, 15]"
944,Agente Cooperativo Copia,"[0, 0, 0, 0, 0, 0, 9, 0, 0, 0, 0, 0, 0, 39]"
945,Agente Cooperativo Original,"[0, 0, 0, 0, 0, 0, 28, 0, 0, 0, 0, 0, 0, 20]"
946,Agente Cooperativo Original,"[0, 0, 0, 0, 0, 0, 29, 0, 0, 0, 0, 0, 0, 19]"
947,Agente Cooperativo Original,"[0, 0, 0, 0, 0, 0, 28, 0, 0, 0, 0, 0, 0, 20]"
948,Agente Cooperativo Original,"[0, 0, 0, 0, 0, 0, 36, 0, 0, 0, 0, 0, 0, 12]"
949,Agente Cooperativo Original,"[0, 0, 0, 0, 0, 0, 42, 0, 0, 0, 0, 0, 0, 6]"
950,Agente Cooperativo Copia,"[0, 0, 0, 0, 0, 0, 16, 0, 0, 0, 0, 0, 0, 32]"
951,Agente Cooperativo Original,"[0, 0, 0, 0, 0, 0, 32, 0, 0, 0, 0, 0, 0, 16]"
952,Agente Cooperativo Copia,"[0, 0, 0, 0, 0, 0, 14, 0, 0, 0, 0, 0, 0, 34]"
953,Agente Cooperativo Original,"[0, 0, 0, 0, 0, 0, 29, 0, 0, 0, 0, 0, 0, 19]"
954,Agente Cooperativo Original,"[0, 0, 0, 0, 0, 0, 35, 0, 0, 0, 0, 0, 0, 13]"
955,Agente Cooperativo Copia,"[0, 0, 0, 0, 0, 0, 20, 0, 0, 0, 0, 0, 0, 28]"
956,Agente Cooperativo Copia,"[0, 0, 0, 0, 0, 0, 20, 0, 0, 0, 0, 0, 0, 28]"
957,Agente Cooperativo Copia,"[0, 0, 0, 0, 0, 0, 22, 0, 0, 0, 0, 0, 0, 26]"
958,Agente Cooperativo Original,"[0, 0, 0, 0, 0, 0, 36, 0, 0, 0, 0, 0, 0, 12]"
959,Agente Cooperativo Original,"[0, 0, 0, 0, 0, 0, 38, 0, 0, 0, 0, 0, 0, 10]"
960,Agente Cooperativo Original,"[0, 0, 0, 0, 0, 0, 30, 0, 0, 0, 0, 0, 0, 18]"
961,Agente Cooperativo Copia,"[0, 0, 0, 0, 0, 0, 15, 0, 0, 0, 0, 0, 0, 33]"
962,Agente Cooperativo Original,"[0, 0, 0, 0, 0, 0, 26, 0, 0, 0, 0, 0, 0, 22]"
963,Agente Cooperativo Copia,"[0, 0, 0, 0, 0, 0, 17, 0, 0, 0, 0, 0, 0, 31]"
964,Agente Cooperativo Copia,"[0, 0, 0, 0, 0, 0, 19, 0, 0, 0, 0, 0, 0, 29]"
965,Agente Cooperativo Copia,"[0, 0, 0, 0, 0, 0, 22, 0, 0, 0, 0, 0, 0, 26]"
966,Agente Cooperativo Copia,"[0, 0, 0, 0, 0, 0, 23, 0, 0, 0, 0, 0, 0, 25]"
967,Agente Cooperativo Original,"[0, 0, 0, 0, 0, 0, 36, 0, 0, 0, 0, 0, 0, 12]"
968,Agente Cooperativo Copia,"[0, 0, 0, 0, 0, 0, 21, 0, 0, 0, 0, 0, 0, 27]"
969,Agente Cooperativo Original,"[0, 0, 0, 0, 0, 0, 26, 0, 0, 0, 0, 0, 0, 22]"
970,Agente Cooperativo Original,"[0, 0, 0, 0, 0, 0, 37, 0, 0, 0, 0, 0, 0, 11]"
971,Empate,"[0, 0, 0, 0, 0, 0, 24, 0, 0, 0, 0, 0, 0, 24]"
972,Agente Cooperativo Copia,"[0, 0, 0, 0, 0, 0, 22, 0, 0, 0, 0, 0, 0, 26]"
973,Agente Cooperativo Original,"[0, 0, 0, 0, 0, 0, 38, 0, 0, 0, 0, 0, 0, 10]"
974,Agente Cooperativo Original,"[0, 0, 0, 0, 0, 0, 42, 0, 0, 0, 0, 0, 0, 6]"
975,Agente Cooperativo Original,"[0, 0, 0, 0, 0, 0, 31, 0, 0, 0, 0, 0, 0, 17]"
976,Agente Cooperativo Copia,"[0, 0, 0, 0, 0, 0, 22, 0, 0, 0, 0, 0, 0, 26]"
977,Agente Cooperativo Original,"[0, 0, 0, 0, 0, 0, 35, 0, 0, 0, 0, 0, 0, 13]"
978,Agente Cooperativo Copia,"[0, 0, 0, 0, 0, 0, 23, 0, 0, 0, 0, 0, 0, 25]"
979,Agente Cooperativo Original,"[0, 0, 0, 0, 0, 0, 25, 0, 0, 0, 0, 0, 0, 23]"
980,Agente Cooperativo Original,"[0, 0, 0, 0, 0, 0, 31, 0, 0, 0, 0, 0, 0, 17]"
981,Agente Cooperativo Original,"[0, 0, 0, 0, 0, 0, 37, 0, 0, 0, 0, 0, 0, 11]"
982,Agente Cooperativo Original,"[0, 0, 0, 0, 0, 0, 34, 0, 0, 0, 0, 0, 0, 14]"
983,Agente Cooperativo Copia,"[0, 0, 0, 0, 0, 0, 23, 0, 0, 0, 0, 0, 0, 25]"
984,Agente Cooperativo Copia,"[0, 0, 0, 0, 0, 0, 17, 0, 0, 0, 0, 0, 0, 31]"
985,Agente Cooperativo Copia,"[0, 0, 0, 0, 0, 0, 21, 0, 0, 0, 0, 0, 0, 27]"
986,Agente Cooperativo Copia,"[0, 0, 0, 0, 0, 0, 20, 0, 0, 0, 0, 0, 0, 28]"
987,Empate,"[0, 0, 0, 0, 0, 0, 24, 0, 0, 0, 0, 0, 0, 24]"
988,Agente Cooperativo Original,"[0, 0, 0, 0, 0, 0, 35, 0, 0, 0, 0, 0, 0, 13]"
989,Agente Cooperativo Original,"[0, 0, 0, 0, 0, 0, 27, 0, 0, 0, 0, 0, 0, 21]"
990,Agente Cooperativo Copia,"[0, 0, 0, 0, 0, 0, 13, 0, 0, 0, 0, 0, 0, 35]"
991,Agente Cooperativo Original,"[0, 0, 0, 0, 0, 0, 26, 0, 0, 0, 0, 0, 0, 22]"
992,Agente Cooperativo Original,"[0, 0, 0, 0, 0, 0, 31, 0, 0, 0, 0, 0, 0, 17]"
993,Agente Cooperativo Copia,"[0, 0, 0, 0, 0, 0, 12, 0, 0, 0, 0, 0, 0, 36]"
994,Agente Cooperativo Original,"[0, 0, 0, 0, 0, 0, 26, 0, 0, 0, 0, 0, 0, 22]"
995,Agente Cooperativo Copia,"[0, 0, 0, 0, 0, 0, 22, 0, 0, 0, 0, 0, 0, 26]"
996,Agente Cooperativo Copia,"[0, 0, 0, 0, 0, 0, 20, 0, 0, 0, 0, 0, 0, 28]"
997,Agente Cooperativo Original,"[0, 0, 0, 0, 0, 0, 34, 0, 0, 0, 0, 0, 0, 14]"
998,Agente Cooperativo Copia,"[0, 0, 0, 0, 0, 0, 15, 0, 0, 0, 0, 0, 0, 33]"
999,Empate,"[0, 0, 0, 0, 0, 0, 24, 0, 0, 0, 0, 0, 0, 24]"
1000,Agente Cooperativo Copia,"[0, 0, 0, 0, 0, 0, 16, 0, 0, 0, 0, 0, 0, 32]"
